Date,BTC,BCH,ETH,ETC,LTC,XRP,EOS,DOGE
8/1/2017,2718.26,380.01,226.77,14.57,43.04,0.18,1.78,0.001792
8/2/2017,2710.67,452.66,219.95,14.77,42.13,0.17,1.78,0.001788
8/3/2017,2804.73,364.05,225.34,15.37,42.86,0.17,1.8,0.001795
8/4/2017,2895.89,233.05,223.07,15.04,43.45,0.17,1.81,0.00182
8/5/2017,3252.91,213.15,256.51,15.93,46.86,0.18,1.91,0.002087
8/6/2017,3213.94,220.66,261.57,15.35,45.1,0.18,1.74,0.001909
8/7/2017,3378.94,319.69,269.18,15.31,45.8,0.18,1.81,0.001949
8/8/2017,3419.94,345.49,296.77,15.88,48.63,0.19,1.88,0.001961
8/9/2017,3342.47,303.89,296.03,15.38,48.01,0.18,1.83,0.001937
8/10/2017,3381.28,275.95,295.89,15.19,46.5,0.18,1.83,0.001896
8/11/2017,3650.62,328.24,308.86,15.17,47.1,0.18,1.79,0.00188
8/12/2017,3884.71,317.09,310.6,14.81,46.43,0.17,1.67,0.001856
8/13/2017,4073.26,298.05,298.06,14.3,45.81,0.17,1.62,0.001807
8/14/2017,4325.13,297.68,300.1,14.08,45.8,0.17,1.66,0.001762
8/15/2017,4181.93,297.86,289.82,13.69,43.31,0.16,1.65,0.001738
8/16/2017,4376.63,300.21,302.27,14.19,44.15,0.16,1.6,0.001774
8/17/2017,4331.69,460.53,301.46,13.93,43.91,0.16,1.55,0.00171
8/18/2017,4160.62,690.24,295.59,13.81,47.28,0.16,1.42,0.001678
8/19/2017,4193.7,754.56,297.47,13.7,45.48,0.16,1.4,0.001678
8/20/2017,4087.66,712.87,301.43,13.89,46.23,0.16,1.37,0.001707
8/21/2017,4001.74,599.64,321.59,14.56,47.94,0.19,1.34,0.001712
8/22/2017,4100.52,690.88,314.79,14.39,46.73,0.24,1.28,0.001716
8/23/2017,4151.52,669.4,317.52,15.29,53.25,0.25,1.41,0.001732
8/24/2017,4334.68,628.11,325.61,15.14,50.19,0.22,1.38,0.001816
8/25/2017,4371.6,641.05,331.92,15.28,51.18,0.22,1.38,0.00179
8/26/2017,4352.4,625.32,333.88,15.29,51.75,0.21,1.36,0.001778
8/27/2017,4382.88,620.9,347.89,16.02,61.16,0.2,1.35,0.001759
8/28/2017,4382.66,596.18,347.75,15.79,62.36,0.22,1.34,0.001825
8/29/2017,4579.02,552.93,370.67,15.79,63.17,0.22,1.31,0.001867
8/30/2017,4565.3,575.21,378.48,15.66,64.17,0.23,1.23,0.002105
8/31/2017,4703.39,588.17,383.04,16.38,71.06,0.26,1.3,0.002064
9/1/2017,4892.01,622.17,387.74,21.94,86.04,0.25,1.3,0.002543
9/2/2017,4578.77,575.9,348.98,20.08,79.02,0.23,1.23,0.002226
9/3/2017,4582.96,607.43,347.48,18.57,76.84,0.23,1.25,0.002153
9/4/2017,4236.31,517.24,295.17,15.84,65.21,0.2,0.85,0.001786
9/5/2017,4376.53,541.71,312.99,16.58,71.29,0.22,0.88,0.001908
9/6/2017,4597.12,638.18,334.34,19.02,80.11,0.23,0.91,0.002019
9/7/2017,4599.88,652.85,329.43,17.81,78.48,0.22,0.98,0.001927
9/8/2017,4228.75,583.1,296.5,15.2,67.79,0.21,0.83,0.001596
9/9/2017,4226.06,547.47,294.4,14.89,66.01,0.21,0.79,0.001568
9/10/2017,4122.94,537.07,288.75,13.66,61.61,0.21,0.74,0.001395
9/11/2017,4161.27,537.81,294.53,14.61,66.04,0.21,0.73,0.001463
9/12/2017,4130.81,510.41,291.46,14.44,64.23,0.21,0.84,0.00144
9/13/2017,3882.59,503.61,277.11,14.11,61.73,0.2,0.73,0.001398
9/14/2017,3154.95,367.04,213.91,9.13,41.58,0.16,0.6,0.0008539
9/15/2017,3637.52,424.02,250.46,10.24,48.21,0.18,0.66,0.0008654
9/16/2017,3625.04,440.22,246.52,9.93,48.26,0.18,0.63,0.0008668
9/17/2017,3582.88,419.86,251.75,10.02,48.49,0.18,0.65,0.0008528
9/18/2017,4065.2,479.32,293.5,11.79,55.53,0.19,0.7,0.0009474
9/19/2017,3924.97,527.88,282.8,11.48,52.84,0.18,0.65,0.0008904
9/20/2017,3905.95,476.05,283.74,11.25,51.73,0.18,0.61,0.0008624
9/21/2017,3631.04,416.26,258.58,10.07,46.61,0.17,0.55,0.0007552
9/22/2017,3630.7,415.09,264.31,10.26,48.09,0.17,0.57,0.000772
9/23/2017,3792.4,428.5,286.17,10.61,49.27,0.18,0.58,0.0009539
9/24/2017,3682.84,421.03,282.48,10.44,47.62,0.18,0.55,0.0008915
9/25/2017,3926.07,445.8,292.33,10.86,51.58,0.18,0.57,0.001141
9/26/2017,3892.35,441.83,287.44,11.24,51.55,0.19,0.56,0.001151
9/27/2017,4200.67,457.31,306.47,12.65,56.28,0.2,0.63,0.001173
9/28/2017,4174.73,447.81,299.15,12.73,54.09,0.2,0.82,0.00108
9/29/2017,4163.07,436.77,291.47,12.52,52.62,0.19,0.72,0.001082
9/30/2017,4338.71,432.63,301.46,12.98,55.14,0.2,0.72,0.001145
10/1/2017,4403.74,415.15,302.34,12.74,54.54,0.21,0.71,0.001084
10/2/2017,4409.32,421.19,297.48,12.44,53.38,0.2,0.65,0.001085
10/3/2017,4317.48,404.18,292.46,12.41,52.35,0.2,0.63,0.001108
10/4/2017,4229.36,358.45,292.66,11.97,51.4,0.21,0.6,0.001024
10/5/2017,4328.41,355.75,295.86,11.95,51.67,0.24,0.61,0.001001
10/6/2017,4370.81,363.01,308.59,12.34,52.12,0.23,0.6,0.001056
10/7/2017,4426.89,360.78,311.12,12.28,52.58,0.24,0.59,0.001066
10/8/2017,4610.48,342.21,308.61,12.12,53.14,0.28,0.6,0.001056
10/9/2017,4772.02,314.16,297.39,11.5,50.16,0.25,0.56,0.0009907
10/10/2017,4781.99,321.59,299.87,11.54,50.72,0.26,0.56,0.001036
10/11/2017,4826.48,314.9,303.46,11.49,50.89,0.26,0.61,0.001046
10/12/2017,5446.91,313.21,304.14,11.96,60.11,0.25,0.59,0.001062
10/13/2017,5647.21,321.46,338.76,12.18,59.43,0.26,0.58,0.001066
10/14/2017,5831.79,321.96,339.63,12.26,63.95,0.26,0.58,0.00111
10/15/2017,5678.19,314.95,336.6,11.95,65.47,0.26,0.57,0.001106
10/16/2017,5725.59,313.64,333.38,11.89,64.62,0.26,0.56,0.001164
10/17/2017,5605.51,371.73,317.08,11.92,59.48,0.23,0.55,0.001067
10/18/2017,5590.69,339.17,314.32,11.53,60.73,0.22,0.55,0.001047
10/19/2017,5708.52,330.81,308.09,11.34,59.74,0.22,0.57,0.001064
10/20/2017,6011.45,327.44,304.01,11.22,60.33,0.21,0.54,0.00105
10/21/2017,6031.6,323.36,300.19,10.92,58.2,0.21,0.53,0.001007
10/22/2017,6008.42,331.66,295.45,10.83,56.81,0.2,0.52,0.001023
10/23/2017,5930.32,315.6,286.95,10.28,54.92,0.2,0.49,0.001016
10/24/2017,5526.64,326.89,298.33,10.6,55.96,0.21,0.51,0.001092
10/25/2017,5750.8,332.13,297.92,10.63,56.49,0.2,0.5,0.001056
10/26/2017,5904.83,338.2,296.53,10.5,55.74,0.2,0.52,0.001051
10/27/2017,5780.9,367.57,297.42,10.39,55.33,0.2,0.52,0.001052
10/28/2017,5753.09,423.35,296.3,10.55,54.69,0.2,0.54,0.001037
10/29/2017,6153.85,451.92,305.09,10.86,57.11,0.2,0.67,0.001173
10/30/2017,6130.53,448.23,307.75,10.87,56.39,0.2,0.71,0.001151
10/31/2017,6468.4,439.05,305.88,10.62,55.75,0.2,0.78,0.001124
11/1/2017,6767.31,531.83,291.69,10.26,53.18,0.19,1.05,0.001138
11/2/2017,7078.5,587.22,287.43,10.24,54.74,0.21,1.12,0.001151
11/3/2017,7207.76,625.32,305.71,12.66,56.18,0.21,1.21,0.001121
11/4/2017,7379.95,620.45,300.47,11.89,55.04,0.2,1.12,0.001189
11/5/2017,7407.41,630.7,296.26,13.24,54.75,0.2,1.09,0.001182
11/6/2017,7022.76,602.65,298.89,14.33,55.17,0.21,0.92,0.001154
11/7/2017,7144.38,616.3,294.66,13.92,61.3,0.21,0.95,0.001177
11/8/2017,7459.69,622.46,309.07,14.02,62.57,0.22,1.13,0.001222
11/9/2017,7143.58,654.3,320.88,14.21,64.27,0.22,1.18,0.001415
11/10/2017,6618.14,1007.42,299.25,14.6,59.26,0.21,1.03,0.001163
11/11/2017,6357.6,1340.45,314.68,19.42,62.3,0.21,1.16,0.001201
11/12/2017,5950.07,1388.86,307.91,15.18,59.01,0.2,1.09,0.001038
11/13/2017,6559.49,1353.99,316.72,16.11,61.4,0.2,1.18,0.001211
11/14/2017,6635.75,1273.53,337.63,17.87,62.68,0.21,1.67,0.001184
11/15/2017,7315.54,1212.4,333.36,17.55,63.82,0.21,1.67,0.001339
11/16/2017,7871.69,900.78,330.92,16.88,71.06,0.23,1.65,0.00139
11/17/2017,7708.99,1185.48,332.39,17.24,67.57,0.23,1.75,0.001313
11/18/2017,7790.15,1254.53,347.61,17.72,69.64,0.23,1.93,0.001373
11/19/2017,8036.49,1172.05,354.39,17.92,71.59,0.23,1.88,0.001376
11/20/2017,8200.64,1236.01,366.73,18.39,72.25,0.24,1.99,0.001394
11/21/2017,8071.26,1176.97,360.4,17.8,70.03,0.23,1.9,0.001389
11/22/2017,8253.55,1303.31,380.65,17.99,71.89,0.24,1.89,0.001823
11/23/2017,8038.77,1683.81,410.17,18.23,73.22,0.24,1.89,0.001891
11/24/2017,8253.69,1648.51,474.91,21.45,77.97,0.24,1.88,0.001908
11/25/2017,8790.92,1571.27,466.28,21.71,88.82,0.25,2.05,0.002072
11/26/2017,9330.55,1735.66,471.33,22.22,85.93,0.25,2.46,0.002026
11/27/2017,9818.35,1622.57,480.36,25.75,91.6,0.25,2.86,0.001988
11/28/2017,10058.8,1546.18,472.9,33.98,96.03,0.3,2.75,0.002363
11/29/2017,9888.61,1359.71,427.52,25.42,85.57,0.24,2.71,0.00208
11/30/2017,10233.6,1389.78,447.11,28.19,88.33,0.25,2.85,0.002079
12/1/2017,10975.6,1462.68,466.54,31.2,99,0.26,3.24,0.002148
12/2/2017,11074.6,1434.98,463.45,30.8,100.28,0.26,3.92,0.002149
12/3/2017,11323.2,1559.93,465.85,30.46,101.26,0.25,3.61,0.002223
12/4/2017,11657.2,1576.92,470.2,30.4,104.24,0.25,4.03,0.002463
12/5/2017,11916.7,1501.85,463.28,30.39,102.4,0.25,4.24,0.002479
12/6/2017,14291.5,1430.1,428.59,27.86,100.35,0.23,4.55,0.002663
12/7/2017,17899.7,1330.93,434.41,26.82,98.29,0.22,3.99,0.00272
12/8/2017,16569.4,1464.13,456.03,30.05,124.85,0.25,4.29,0.002779
12/9/2017,15178.2,1410.06,473.5,29.09,155.24,0.24,4.06,0.002617
12/10/2017,15455.4,1323.07,441.72,26.51,148.66,0.24,3.77,0.002547
12/11/2017,16936.8,1423.38,515.14,27.64,214.2,0.25,4.36,0.002798
12/12/2017,17415.4,1615.03,651.43,30.32,316.16,0.37,5.3,0.003304
12/13/2017,16408.2,1607.65,702.77,29.72,302.6,0.47,7.3,0.003461
12/14/2017,16564,1966.14,695.82,31.96,279.33,0.86,8.4,0.003709
12/15/2017,17706.9,1815.43,684.45,32.09,299.78,0.76,8.13,0.003762
12/16/2017,19497.4,1801.88,696.21,34.78,298.97,0.76,8.61,0.005933
12/17/2017,19140.8,1862.88,719.97,34.79,318.72,0.73,8.22,0.005984
12/18/2017,19114.2,2196.64,794.65,39.4,358.34,0.78,9.21,0.006433
12/19/2017,17776.7,2805.89,826.82,40.27,350.25,0.79,12.38,0.005666
12/20/2017,16624.6,3923.07,819.09,44.05,314.62,0.78,11.99,0.006661
12/21/2017,15802.9,3267.17,821.06,42.1,317.46,1.19,10.6,0.007425
12/22/2017,13831.8,2696.69,674.86,30.96,264.93,1.14,7.84,0.006054
12/23/2017,14699.2,3257.08,719.39,32.72,288.27,1.17,8.48,0.007259
12/24/2017,13925.8,2903.12,694.15,30.78,275.98,1.04,8.14,0.008582
12/25/2017,14026.6,2954.69,765.83,32.35,273.39,1.12,9.77,0.008931
12/26/2017,16099.8,3108.89,773.84,32.9,286.5,1.19,9.82,0.009411
12/27/2017,15838.5,2889.52,762.84,32.14,272.17,1.4,10.56,0.008872
12/28/2017,14606.5,2566.64,737.02,29.53,249.93,1.43,9.57,0.008486
12/29/2017,14656.2,2779.95,753.59,30.03,245.5,2.21,9.44,0.009391
12/30/2017,12952.2,2392.41,717.26,26.92,218.96,2.16,8.56,0.00786
12/31/2017,14156.4,2533.01,756.73,28,232.1,2.3,8.77,0.008972
1/1/2018,13657.2,2432.54,772.64,34.17,229.03,2.39,8.84,0.008909
1/2/2018,14982.1,2711,884.44,34.92,255.68,2.48,9.33,0.009145
1/3/2018,15201,2608.69,962.72,34.86,245.37,3.11,10.23,0.00932
1/4/2018,15599.2,2430.18,980.92,36.32,241.37,3.2,11.28,0.009644
1/5/2018,17429.5,2584.48,997.72,36.2,249.27,3.05,10.84,0.01
1/6/2018,17527,2786.65,1041.68,38.42,296.45,3.09,12.58,0.01
1/7/2018,16477.6,2786.88,1153.17,40.79,288.45,3.38,12.52,0.02
1/8/2018,15170.1,2421.47,1148.53,34.19,255.76,2.46,9.69,0.02
1/9/2018,14595.4,2391.56,1299.74,38.32,247.04,2.1,9.33,0.01
1/10/2018,14973.3,2895.38,1255.82,36.95,250.52,1.97,11.34,0.01
1/11/2018,13405.8,2462.61,1154.93,32.79,229.37,1.95,11.35,0.01
1/12/2018,13980.6,2620.99,1273.2,36.4,236.86,2.04,13.75,0.01
1/13/2018,14360.2,2685.29,1396.42,42.39,259.19,2.02,16.23,0.01
1/14/2018,13772,2553.32,1366.77,42.96,238.68,1.86,13.44,0.01
1/15/2018,13819.8,2401.54,1291.92,40.5,232.77,1.68,12.94,0.009857
1/16/2018,11490.5,1772.07,1053.69,28.46,188.33,1.18,10.28,0.006822
1/17/2018,11188.6,1748.05,1014.25,29.12,186.52,1.31,10.19,0.007648
1/18/2018,11474.9,1756.75,1036.28,30.19,192.84,1.6,10.51,0.007969
1/19/2018,11607.4,1769.62,1039.1,31.7,192.96,1.55,11.18,0.007871
1/20/2018,12899.2,2032.12,1155.15,35.01,211.02,1.58,15.52,0.008448
1/21/2018,11600.1,1776.64,1049.58,30.32,190.42,1.38,13.44,0.007131
1/22/2018,10931.4,1621.92,1003.26,29.26,180.01,1.36,13.66,0.006734
1/23/2018,10868.4,1621.46,986.23,28.37,177.81,1.34,12.97,0.006673
1/24/2018,11359.4,1639.13,1058.78,29.6,179.99,1.36,13.83,0.007083
1/25/2018,11259.4,1642.12,1056.03,29.19,180.27,1.31,14.31,0.007667
1/26/2018,11171.4,1603.9,1055.17,28.8,176.73,1.22,14.34,0.007237
1/27/2018,11440.7,1628.63,1107.07,29.49,180.89,1.22,14.27,0.007373
1/28/2018,11786.3,1746.25,1246.01,32.9,193.87,1.4,15.02,0.007465
1/29/2018,11296.4,1657.14,1182.36,31.71,181.66,1.32,14.01,0.006967
1/30/2018,10106.3,1470.55,1071.13,27.13,165.28,1.14,11.56,0.006024
1/31/2018,10221.1,1486.89,1118.31,28.76,163.35,1.16,12.2,0.00601
2/1/2018,9170.54,1274.35,1036.79,24.97,142.3,0.96,10.21,0.005029
2/2/2018,8830.75,1191.14,915.78,23.07,131.38,0.88,9.79,0.004475
2/3/2018,9174.91,1272.5,964.02,24.2,160.25,0.92,9.84,0.005164
2/4/2018,8277.01,1165.38,834.68,21.04,148.02,0.82,8.61,0.004399
2/5/2018,6955.27,887.41,697.95,16.53,125.33,0.69,7.06,0.003533
2/6/2018,7754,974.53,793.12,19.39,142.99,0.78,8.34,0.004361
2/7/2018,7621.3,957.96,757.07,18.16,138.2,0.72,7.61,0.004297
2/8/2018,8265.59,1284.56,817.81,21.79,149.47,0.81,8.51,0.004566
2/9/2018,8736.98,1312.11,883.86,26,163.95,0.95,9.65,0.005
2/10/2018,8621.9,1257.31,860.41,24.52,155.59,1.07,9.1,0.004989
2/11/2018,8129.97,1217.64,814.66,24.13,148.99,1,8.41,0.004956
2/12/2018,8926.57,1283.91,868.71,29.88,161.57,1.08,9.18,0.005472
2/13/2018,8598.31,1231.98,845.26,33.96,159.55,1.03,9.21,0.005638
2/14/2018,9494.63,1362.27,923.56,35.04,213.36,1.14,9.97,0.00673
2/15/2018,10166.4,1375.81,936.98,34.53,225.43,1.15,10.17,0.007347
2/16/2018,10233.9,1552.2,944.21,35.03,230.12,1.14,10.02,0.007034
2/17/2018,11112.7,1551.39,974.11,34.99,229.46,1.2,10.15,0.007049
2/18/2018,10551.8,1487.46,923.92,34.88,215.74,1.12,9.38,0.006424
2/19/2018,11225.3,1534.77,943.86,39.29,223.06,1.14,9.68,0.006697
2/20/2018,11403.7,1418.73,895.37,38.47,232.85,1.09,9.28,0.007094
2/21/2018,10690.4,1308.46,849.97,36.63,213.35,1.02,8.76,0.006581
2/22/2018,10005,1219.49,812.84,32.81,195.31,0.94,8.09,0.006259
2/23/2018,10301.1,1270.71,864.19,38.04,209.31,1,8.58,0.006648
2/24/2018,9813.07,1193.27,840.52,38.84,209.42,0.95,8.19,0.006324
2/25/2018,9664.73,1178.1,844.81,36.41,220.48,0.94,7.9,0.006142
2/26/2018,10366.7,1250.56,869.32,36.08,220.96,0.96,8.13,0.006339
2/27/2018,10725.6,1246.66,878.27,36.25,216.6,0.95,8.57,0.006291
2/28/2018,10397.9,1204.16,855.2,33.69,202.9,0.9,8.41,0.006018
3/1/2018,10951,1291.92,872.2,33.76,209.75,0.93,8.63,0.006215
3/2/2018,11086.4,1275.18,856.85,30.77,212.56,0.91,8.09,0.005482
3/3/2018,11489.7,1270.38,857.22,29.19,210.64,0.91,8,0.005301
3/4/2018,11512.6,1289.08,866.68,29.69,213.8,1.01,8.18,0.005502
3/5/2018,11573.3,1268.03,853.68,26.84,211.18,0.96,8.05,0.005218
3/6/2018,10779.9,1206.04,816.95,25.1,196.6,0.92,7.25,0.00461
3/7/2018,9965.57,1092.16,752.83,22.12,185.84,0.87,6.51,0.004024
3/8/2018,9395.01,1040.21,704.6,22.67,176.51,0.83,6.2,0.004025
3/9/2018,9337.55,1067.02,728.92,22.48,187.17,0.85,6.13,0.004146
3/10/2018,8866,1005.93,686.89,20.91,177.73,0.8,5.8,0.003973
3/11/2018,9578.63,1145.17,723.34,21.58,188.95,0.83,6.14,0.00421
3/12/2018,9205.12,1051.28,699.83,20.5,178.23,0.8,5.83,0.004032
3/13/2018,9194.85,1064.03,690.83,19.92,175.78,0.79,5.86,0.00396
3/14/2018,8269.81,949.47,614.29,17.15,161.1,0.7,5.34,0.003524
3/15/2018,8300.86,943.64,611.3,18.41,164.48,0.7,5.17,0.003536
3/16/2018,8338.35,977.03,601.67,17.78,165.45,0.69,5.09,0.00351
3/17/2018,7916.88,949.78,552.78,16.32,152.97,0.64,4.67,0.003299
3/18/2018,8223.68,938.11,538.64,16.79,154.07,0.66,4.65,0.00319
3/19/2018,8630.65,994.67,556.73,19.65,161.14,0.75,6.36,0.00344
3/20/2018,8913.47,1059.12,557.17,20.21,168.82,0.71,6.01,0.003651
3/21/2018,8929.28,1033.45,561.73,19.8,169.05,0.69,7.03,0.003659
3/22/2018,8728.47,1011.52,539.7,19.67,163.67,0.66,7.03,0.003528
3/23/2018,8879.62,1019.43,539.62,19.04,167.83,0.64,7.01,0.00356
3/24/2018,8668.12,982.3,526.44,18.5,159.63,0.64,6.63,0.00359
3/25/2018,8495.78,966.88,524.29,18.09,160.08,0.64,6.52,0.003505
3/26/2018,8209.4,919.25,489.95,16.48,149.22,0.6,5.9,0.003289
3/27/2018,7833.04,876.33,450.12,15.91,135.78,0.58,5.91,0.003145
3/28/2018,7954.48,860.52,446.28,16.1,131.75,0.58,6.29,0.003141
3/29/2018,7165.7,714.27,385.97,14.68,114.68,0.51,6.02,0.002827
3/30/2018,6890.52,697.01,394.64,14.39,118.6,0.51,6.1,0.002763
3/31/2018,6973.53,685.25,396.46,14.37,116.61,0.51,5.99,0.002819
4/1/2018,6844.23,643.03,379.61,13.58,115.22,0.49,5.66,0.002719
4/2/2018,7083.8,662.77,386.42,14.13,119.31,0.5,5.89,0.002797
4/3/2018,7456.11,712.88,416.89,15.16,134.47,0.56,6.13,0.00298
4/4/2018,6853.84,649.2,380.54,13.64,118.41,0.5,5.73,0.00277
4/5/2018,6811.47,646.04,383.23,13.72,119.13,0.5,6.4,0.002714
4/6/2018,6636.32,610.43,370.29,13.15,113.15,0.48,5.89,0.00267
4/7/2018,6911.09,640.35,385.31,13.47,116.26,0.49,5.91,0.002802
4/8/2018,7023.52,655.26,400.51,14.12,117.67,0.5,5.97,0.002843
4/9/2018,6770.73,637.03,398.53,13.63,114.99,0.49,5.87,0.002763
4/10/2018,6834.76,649.62,414.24,13.65,114.26,0.49,6,0.003043
4/11/2018,6968.32,666.58,430.54,14.59,118.29,0.54,8.49,0.003396
4/12/2018,7889.25,734.48,492.94,16.17,129.34,0.63,8.7,0.003798
4/13/2018,7895.96,738.3,492.73,15.61,125.35,0.64,8.74,0.003995
4/14/2018,7986.24,738.98,501.48,16.02,126.29,0.63,8.6,0.00415
4/15/2018,8329.11,780.83,531.7,16.75,132.04,0.68,8.4,0.004571
4/16/2018,8058.67,766.47,511.15,16.12,128.34,0.66,8.1,0.004585
4/17/2018,7902.09,757.59,502.89,16.07,132.93,0.66,8.51,0.004744
4/18/2018,8163.42,888.91,524.79,17.62,140,0.71,9.03,0.005412
4/19/2018,8294.31,968.64,567.89,18.38,146.3,0.79,9.44,0.005824
4/20/2018,8845.83,1128.02,615.72,19.64,155.54,0.92,11.45,0.005893
4/21/2018,8895.58,1154.69,605.4,18.69,148.93,0.87,11.11,0.005413
4/22/2018,8802.46,1201.22,621.86,18.79,146.77,0.87,11.35,0.005539
4/23/2018,8930.88,1432.26,642.55,20.48,152.25,0.88,11.61,0.005482
4/24/2018,9697.5,1426.42,708.16,22.25,165.78,0.93,15.31,0.0058
4/25/2018,8845.74,1284.79,615.42,18.58,144.76,0.8,14.46,0.005093
4/26/2018,9281.51,1420.41,662.81,21.06,153.68,0.85,15.49,0.005627
4/27/2018,8987.05,1337.85,647.03,20.56,145.9,0.81,16.67,0.005422
4/28/2018,9348.48,1396.25,683.68,21.73,152.3,0.86,18.87,0.005357
4/29/2018,9419.08,1440.3,688.88,21.83,153.63,0.87,21.54,0.005459
4/30/2018,9240.55,1350.05,669.92,21.68,148.48,0.84,17.58,0.00521
5/1/2018,9119.01,1351.28,673.61,21.58,148.49,0.84,18.95,0.005144
5/2/2018,9235.92,1458.72,687.15,21.67,151.58,0.86,19.21,0.005273
5/3/2018,9743.86,1511.97,779.54,22.76,161.46,0.88,17.77,0.005641
5/4/2018,9700.76,1517.33,785.62,22.4,168.79,0.9,17.15,0.005269
5/5/2018,9858.15,1752.1,816.12,22.76,177.76,0.91,17.8,0.00518
5/6/2018,9654.8,1765.69,792.31,25.34,171.8,0.87,17.47,0.00497
5/7/2018,9373.01,1655.2,753.72,23.64,164.88,0.83,17.98,0.004817
5/8/2018,9234.82,1611.94,752.86,22.47,159.62,0.81,18.14,0.005303
5/9/2018,9325.18,1638.34,752.28,21.5,157.05,0.8,17.94,0.005093
5/10/2018,9043.94,1528.59,727.28,19.74,149.87,0.76,17.54,0.00487
5/11/2018,8441.49,1371.74,679.59,17.73,137.12,0.68,14.9,0.004362
5/12/2018,8504.89,1472.4,686.05,18.15,141.88,0.7,14.25,0.004473
5/13/2018,8723.94,1493.12,733.5,18.73,144.59,0.75,14.94,0.004329
5/14/2018,8716.79,1431.69,730.55,18.79,147.71,0.74,14.02,0.00446
5/15/2018,8510.38,1343.38,708.87,18.26,139.88,0.7,12.99,0.004515
5/16/2018,8368.83,1280.62,707.05,17.76,139.27,0.71,12.77,0.004385
5/17/2018,8094.32,1206.17,672.66,17.04,132.77,0.67,12.43,0.004188
5/18/2018,8250.97,1207.24,694.37,18,136.06,0.68,13,0.004017
5/19/2018,8247.18,1184.96,696.53,17.7,135.32,0.68,13.17,0.004286
5/20/2018,8513.25,1291.77,715.37,18.16,139.7,0.7,14.01,0.004423
5/21/2018,8418.99,1233.64,699.22,17.68,134.51,0.68,13.51,0.004271
5/22/2018,8041.78,1141.86,647.74,16.47,128.68,0.65,12.27,0.003851
5/23/2018,7557.82,1005.61,583.59,14.95,119.31,0.6,10.88,0.003591
5/24/2018,7587.34,1071.36,601.76,15.71,122.61,0.63,12.75,0.003499
5/25/2018,7480.14,1017.3,586.73,15.19,119.44,0.61,12.29,0.003514
5/26/2018,7355.88,1012.48,587.28,15.25,118.28,0.61,12.35,0.003463
5/27/2018,7368.22,996.92,572.67,15.21,117.99,0.61,12.51,0.003424
5/28/2018,7135.99,892.12,516.04,14.4,111.6,0.55,11.64,0.003226
5/29/2018,7472.59,987.66,565.39,15.22,119.57,0.6,12.18,0.003437
5/30/2018,7406.52,984.68,559.59,15.2,117.53,0.61,12.01,0.003354
5/31/2018,7494.17,995.34,577.65,15.31,118.07,0.61,12.28,0.003398
6/1/2018,7541.45,1002.92,580.04,15.52,119.92,0.62,12.31,0.003423
6/2/2018,7643.45,1084.78,591.81,15.82,123.31,0.64,14.74,0.003558
6/3/2018,7720.25,1170.4,618.33,16.25,125.5,0.67,14.62,0.00369
6/4/2018,7514.47,1105.8,592.98,15.23,119.9,0.66,13.55,0.003532
6/5/2018,7633.76,1152.89,609.3,15.53,121.7,0.68,14.2,0.003654
6/6/2018,7653.98,1131.17,607.12,15.25,121.18,0.67,13.94,0.003787
6/7/2018,7678.24,1143.75,605.19,15.25,121.43,0.68,14.59,0.003732
6/8/2018,7624.92,1118.19,601.08,15.41,120.08,0.67,14.04,0.003659
6/9/2018,7531.98,1092.13,597.56,15.16,117.74,0.66,14.1,0.003593
6/10/2018,6786.02,939.55,526.48,12.64,107.04,0.59,11.39,0.003182
6/11/2018,6906.92,958.56,533.28,12.92,107.52,0.6,11.59,0.003234
6/12/2018,6582.36,874.43,496.84,14.85,100.75,0.56,10.22,0.003089
6/13/2018,6349.9,844.24,477.49,13.88,94.08,0.53,10.15,0.002817
6/14/2018,6675.35,897.6,519.74,14.06,101.15,0.56,11.3,0.002944
6/15/2018,6456.58,849.32,491,13.9,96.68,0.54,10.66,0.002901
6/16/2018,6550.16,852.19,499.64,14.51,97.58,0.53,10.63,0.002895
6/17/2018,6499.27,852.1,500.45,14.33,96.1,0.53,10.44,0.002873
6/18/2018,6734.82,885.64,518.89,15.09,98.82,0.54,10.72,0.003027
6/19/2018,6769.94,904.65,537.96,15.56,98.84,0.55,10.73,0.003033
6/20/2018,6776.55,890.45,536.27,17.27,97.99,0.54,10.42,0.003021
6/21/2018,6729.74,874.09,527.37,17.58,96.93,0.53,10.42,0.002988
6/22/2018,6083.69,755.97,465.82,14.62,85.08,0.49,8.66,0.002668
6/23/2018,6162.48,762.76,474.52,14.81,82.6,0.49,8.41,0.002641
6/24/2018,6173.23,749.36,457.67,14.88,80.78,0.48,8.09,0.00251
6/25/2018,6249.18,756.85,460.31,15.84,81.83,0.48,8.24,0.002485
6/26/2018,6093.67,700.26,432.77,14.88,76.87,0.46,7.51,0.002478
6/27/2018,6157.13,713.77,442.36,15.38,80.66,0.47,8.01,0.002437
6/28/2018,5903.44,660.24,422.36,14.54,74.93,0.45,7.45,0.002357
6/29/2018,6218.3,715.71,436.01,15.27,78.77,0.45,7.73,0.002427
6/30/2018,6404,748.71,455.18,16.1,81.37,0.47,8.13,0.002499
7/1/2018,6385.82,739.42,453.92,15.97,80.24,0.46,8.13,0.002489
7/2/2018,6614.18,776.17,475.35,16.64,85.26,0.49,8.89,0.002703
7/3/2018,6529.59,757.95,464.2,16.18,85.1,0.49,8.84,0.002638
7/4/2018,6597.55,762.4,467.32,16.77,85.49,0.49,8.89,0.00268
7/5/2018,6639.14,748.22,474.41,17.34,83.76,0.48,8.93,0.002599
7/6/2018,6673.5,737.33,474.01,18.47,83.38,0.48,8.68,0.002597
7/7/2018,6856.93,775.3,491.66,19.04,86.2,0.49,9.02,0.002645
7/8/2018,6773.88,751.35,489.12,18.29,82.4,0.48,8.71,0.002611
7/9/2018,6741.75,733.38,476.68,18.3,80.86,0.47,7.75,0.002603
7/10/2018,6329.95,688.63,434.42,16.13,76.08,0.45,7.21,0.002411
7/11/2018,6394.71,707.48,446.52,16.46,78.7,0.45,7.19,0.002425
7/12/2018,6228.81,682.76,430.07,16.33,76.81,0.44,6.9,0.002306
7/13/2018,6238.05,696.59,434.03,16.29,76.94,0.44,6.96,0.002332
7/14/2018,6276.12,704.06,436.09,16.43,76.72,0.44,6.99,0.002362
7/15/2018,6359.64,722.97,449.85,16.6,78.94,0.45,7.4,0.00238
7/16/2018,6741.75,805.68,480.66,17.38,84.6,0.48,8.11,0.002854
7/17/2018,7321.04,850.78,501,17.95,89.81,0.51,8.78,0.003228
7/18/2018,7370.78,829.94,480.51,17.39,86.96,0.49,8.61,0.003712
7/19/2018,7466.86,824.89,469.62,17.39,86.67,0.48,8.39,0.003844
7/20/2018,7354.13,767.66,450.7,16.21,82.75,0.45,7.9,0.00341
7/21/2018,7419.29,789.49,462.44,16.35,84.46,0.46,8.05,0.00327
7/22/2018,7418.49,788.67,459.66,16.12,83.16,0.45,7.9,0.003458
7/23/2018,7711.11,784.39,450.85,16.16,82.43,0.45,7.97,0.003431
7/24/2018,8424.27,869.47,479.37,16.63,89.29,0.46,8.6,0.00362
7/25/2018,8181.39,831.46,472.49,16.5,86.28,0.46,8.51,0.003543
7/26/2018,7951.58,806.18,464.04,16.72,84.03,0.45,8.32,0.003393
7/27/2018,8165.01,819.39,469.67,16.95,84.46,0.45,8.41,0.003418
7/28/2018,8192.15,818.83,466.9,16.95,83.62,0.45,8.32,0.0034
7/29/2018,8218.46,828.98,466.67,16.91,84.08,0.45,8.34,0.003307
7/30/2018,8180.48,816.08,457.08,17.12,82.85,0.45,7.77,0.003273
7/31/2018,7780.44,777.15,433.87,16.24,79.7,0.44,7.37,0.002945
8/1/2018,7624.91,769.35,420.75,15.48,77.86,0.45,7.26,0.003159
8/2/2018,7567.15,734.76,412.62,14.99,76.14,0.43,7.06,0.002946
8/3/2018,7434.39,724.71,418.26,16.6,77.54,0.44,7.2,0.002918
8/4/2018,7032.85,695.74,407.25,16.42,73.2,0.43,6.99,0.002745
8/5/2018,7068.48,709.22,410.52,17.69,74.59,0.43,7.06,0.002837
8/6/2018,6951.8,692.63,406.66,18.66,73.89,0.41,7.07,0.002779
8/7/2018,6753.12,659.38,380.22,17.33,68.17,0.38,6.61,0.002671
8/8/2018,6305.8,585.45,356.61,15.14,62.49,0.33,5.59,0.002415
8/9/2018,6568.23,610.78,365.59,15.11,63.98,0.35,5.8,0.002555
8/10/2018,6184.71,572.44,334.18,14.3,59.39,0.32,5.28,0.002392
8/11/2018,6295.73,566.77,322.11,13.28,58.36,0.3,5.02,0.002404
8/12/2018,6322.69,570.96,319.57,13.2,59.33,0.3,5.01,0.002404
8/13/2018,6297.57,535.98,286.5,12.06,56.85,0.28,4.62,0.002331
8/14/2018,6199.71,509.31,278.93,11.74,54.56,0.27,4.58,0.00226
8/15/2018,6308.52,513.67,282.36,13.03,54.5,0.28,4.64,0.002303
8/16/2018,6334.73,517.35,288.05,13.9,55.36,0.29,4.52,0.002292
8/17/2018,6580.63,597.01,315.73,14.47,61.51,0.37,5.51,0.002455
8/18/2018,6423.76,554.92,295.81,13.27,57.28,0.33,5.1,0.002394
8/19/2018,6506.07,569.93,300.83,13.34,57.94,0.34,5.31,0.002473
8/20/2018,6308.53,515.66,274.32,12.44,54,0.32,4.76,0.002369
8/21/2018,6488.76,536.57,281.94,12.7,56.35,0.34,4.91,0.002424
8/22/2018,6376.71,519.95,271.34,12.24,55.32,0.32,4.72,0.002315
8/23/2018,6534.88,530.77,277.1,12.48,57.54,0.33,4.92,0.002385
8/24/2018,6719.96,535.41,282.97,12.59,57.93,0.33,5.05,0.002426
8/25/2018,6763.19,537.24,279.65,12.55,57.91,0.33,5.05,0.00237
8/26/2018,6707.26,522.88,275.2,12.56,57.33,0.32,4.95,0.002404
8/27/2018,6884.64,546.36,285.6,12.65,60.25,0.34,5.36,0.002462
8/28/2018,7096.28,565.31,296.5,13.28,63.02,0.35,5.9,0.002607
8/29/2018,7047.16,554.37,289.31,13.01,61.77,0.34,6.12,0.002606
8/30/2018,6978.23,540.03,284.11,12.92,60.32,0.34,6.08,0.003206
8/31/2018,7037.58,543.08,283,12.79,61.93,0.34,6.43,0.004794
9/1/2018,7193.25,615.31,295.34,13.22,65.95,0.35,6.64,0.006278
9/2/2018,7272.72,645.88,294.37,13.33,65.65,0.34,6.6,0.004999
9/3/2018,7260.06,626.36,289.26,14.06,65.37,0.34,6.47,0.005266
9/4/2018,7361.66,625.07,285.72,13.98,67.71,0.33,6.48,0.005269
9/5/2018,6792.83,530.51,232.33,11.89,58.44,0.28,5.22,0.004931
9/6/2018,6529.17,519.16,230.22,11.98,57.49,0.3,5.24,0.00501
9/7/2018,6467.07,501.57,217.2,11.7,56.2,0.29,5.09,0.005307
9/8/2018,6225.98,475.29,197.95,11.02,53.24,0.28,4.76,0.005692
9/9/2018,6300.86,481.19,196.92,11.24,54.92,0.28,4.97,0.005829
9/10/2018,6329.7,465.59,197.08,11.32,54.6,0.27,5.04,0.006892
9/11/2018,6321.2,440.84,185.07,11.32,52.37,0.26,4.98,0.006329
9/12/2018,6351.8,432.85,183.33,10.69,51.66,0.27,4.94,0.006455
9/13/2018,6517.31,464.44,211.35,11.13,54.54,0.28,5.39,0.006554
9/14/2018,6512.71,449.5,211.75,11,56.58,0.28,5.27,0.00618
9/15/2018,6543.2,450.68,223.07,11.37,56.71,0.28,5.4,0.006165
9/16/2018,6517.18,449.16,220.59,11.22,56.97,0.28,5.42,0.006531
9/17/2018,6281.2,420.45,197.88,10.34,52.54,0.27,4.89,0.006243
9/18/2018,6371.3,435.68,209.98,10.6,54.1,0.32,5.1,0.005981
9/19/2018,6398.54,429.23,209.97,10.79,54.33,0.33,5.23,0.005609
9/20/2018,6519.67,455.74,224.59,11.17,56.63,0.45,5.74,0.005695
9/21/2018,6734.95,499.04,246.58,11.67,60.72,0.56,6.14,0.005684
9/22/2018,6721.98,487.83,240.48,11.41,60.44,0.57,5.93,0.005758
9/23/2018,6710.63,488.65,244.33,11.6,61.37,0.57,6.02,0.005901
9/24/2018,6595.41,463.09,228.73,11.05,57.97,0.49,5.68,0.005677
9/25/2018,6446.47,445.23,218.51,11.09,57.54,0.53,5.38,0.005686
9/26/2018,6495,515.93,215.85,10.99,57.4,0.52,5.56,0.005695
9/27/2018,6676.75,564.41,228.49,11.42,62.98,0.54,5.82,0.005879
9/28/2018,6644.13,539.86,222.4,11.26,61.9,0.54,5.77,0.005831
9/29/2018,6601.96,536.91,231.64,11.4,61.61,0.57,5.76,0.005865
9/30/2018,6625.56,529.93,232.85,11.33,61.14,0.58,5.72,0.005906
10/1/2018,6589.62,530.91,230.77,11.21,60.21,0.58,5.74,0.005942
10/2/2018,6556.1,533.27,227.18,11.17,59.71,0.52,5.65,0.005824
10/3/2018,6502.59,514.53,220.49,11.12,57.48,0.53,5.62,0.005704
10/4/2018,6576.69,513.03,222.22,11.05,58.28,0.53,5.78,0.005645
10/5/2018,6622.48,520.63,227.6,11.05,58.77,0.52,5.81,0.005669
10/6/2018,6588.31,508.62,225.12,10.92,57.84,0.49,5.73,0.005545
10/7/2018,6602.95,517.47,226.12,10.9,58.16,0.48,5.76,0.005562
10/8/2018,6652.23,528.98,229.26,10.95,59.41,0.49,5.91,0.005578
10/9/2018,6642.64,517.79,227.98,10.89,58.71,0.48,5.91,0.005635
10/10/2018,6585.53,512.92,225.77,10.83,57.98,0.46,5.88,0.005552
10/11/2018,6256.24,433.04,189.5,9.17,51.23,0.38,5.08,0.005
10/12/2018,6274.58,443.23,196.73,9.46,53.55,0.42,5.18,0.005247
10/13/2018,6285.99,448.41,199.84,9.48,53.45,0.42,5.25,0.005182
10/14/2018,6290.93,439.23,195.72,9.41,52.19,0.4,5.17,0.005158
10/15/2018,6596.54,459.38,209.7,9.78,54.88,0.45,5.47,0.005218
10/16/2018,6596.11,458.01,210.12,9.71,54.07,0.47,5.44,0.005017
10/17/2018,6544.43,448.79,207.08,9.81,53.67,0.47,5.41,0.004599
10/18/2018,6476.71,438.43,203.35,9.59,52.53,0.46,5.35,0.004386
10/19/2018,6465.41,440.85,203.73,9.6,53.02,0.45,5.33,0.00447
10/20/2018,6489.19,447.45,205.43,9.69,53.36,0.46,5.37,0.004551
10/21/2018,6482.35,447.85,205.14,9.64,52.92,0.46,5.42,0.004517
10/22/2018,6487.16,447.21,204.04,10,52.2,0.45,5.38,0.004366
10/23/2018,6475.74,442.66,204.34,9.8,52.54,0.46,5.42,0.004172
10/24/2018,6495.84,442.45,203.85,9.72,52.52,0.46,5.38,0.003911
10/25/2018,6476.29,440.23,202.72,9.64,52.23,0.46,5.37,0.003717
10/26/2018,6474.75,438.74,203.33,9.64,52.1,0.46,5.39,0.003984
10/27/2018,6480.38,437.53,204.21,9.61,51.93,0.46,5.38,0.004195
10/28/2018,6486.39,441.08,205.37,9.61,51.94,0.46,5.43,0.004063
10/29/2018,6332.63,417.57,197.25,9.08,49.07,0.44,5.15,0.003847
10/30/2018,6334.27,421.93,197.56,9.01,49.24,0.44,5.14,0.00385
10/31/2018,6317.61,422.86,197.38,8.98,49.44,0.45,5.2,0.003764
11/1/2018,6377.78,424.09,198.87,9.05,50.27,0.46,5.28,0.003777
11/2/2018,6388.44,462.01,200.64,9.14,51.33,0.46,5.36,0.003773
11/3/2018,6361.26,477.99,200.19,9.11,50.97,0.46,5.31,0.003733
11/4/2018,6376.13,560.18,207.49,9.37,53.61,0.46,5.45,0.003676
11/5/2018,6419.66,558.47,209.09,9.4,53.55,0.5,5.47,0.003622
11/6/2018,6461.01,628.51,218.45,9.88,55.95,0.55,5.73,0.003696
11/7/2018,6530.14,617.26,217.18,9.64,54.19,0.54,5.65,0.003637
11/8/2018,6453.72,574.43,212.23,9.44,52.37,0.49,5.5,0.003384
11/9/2018,6385.62,544.42,210.07,9.45,51.9,0.5,5.38,0.00314
11/10/2018,6409.22,556.5,212.53,9.46,52.4,0.51,5.42,0.003285
11/11/2018,6411.27,533.34,211.34,9.26,51.36,0.51,5.44,0.003162
11/12/2018,6371.27,516.31,210.42,9.19,50.65,0.52,5.4,0.003064
11/13/2018,6359.49,512.41,206.83,9.08,49.7,0.51,5.23,0.002945
11/14/2018,5738.35,439.31,181.4,7.95,43.61,0.47,4.64,0.002695
11/15/2018,5648.03,421.32,180.81,7.72,43.95,0.48,4.69,0.0028
11/16/2018,5575.55,388.82,175.18,7.46,42.46,0.47,4.55,0.002746
11/17/2018,5554.33,387.75,174,7.39,41.93,0.49,4.57,0.002595
11/18/2018,5623.54,386.25,177.07,7.45,42.33,0.51,4.59,0.002643
11/19/2018,4871.49,336.96,149.18,6.2,36.64,0.48,4.08,0.002418
11/20/2018,4451.87,223.7,130.34,5.5,33.04,0.43,3.71,0.002254
11/21/2018,4602.17,235.95,136.7,5.75,34.67,0.45,3.81,0.002448
11/22/2018,4365.94,211.47,126.71,5.34,32.2,0.43,3.55,0.002412
11/23/2018,4347.11,207.43,123.3,5.21,32.16,0.41,3.6,0.002361
11/24/2018,3880.76,180.69,113.49,4.77,29.22,0.38,3.26,0.002224
11/25/2018,4009.97,184.58,116.45,4.76,30.89,0.37,3.35,0.00222
11/26/2018,3779.13,182.04,108.34,4.32,29.41,0.36,3.18,0.002099
11/27/2018,3820.72,179.06,110.01,4.53,31.07,0.36,3.03,0.002087
11/28/2018,4257.42,190.07,122.44,4.99,34.63,0.39,3.28,0.002246
11/29/2018,4278.85,180.98,117.54,4.93,33.8,0.38,3.02,0.002241
11/30/2018,4017.27,173.07,113.17,4.6,32.06,0.36,2.88,0.002165
12/1/2018,4214.67,172.12,118.64,4.85,34.34,0.37,2.96,0.00225
12/2/2018,4139.88,172.11,116.39,5.15,33.71,0.37,2.85,0.002246
12/3/2018,3894.13,159.82,108.93,4.51,31.07,0.35,2.59,0.002371
12/4/2018,3956.89,149.66,110.21,4.41,31.19,0.35,2.46,0.002196
12/5/2018,3753.99,130.54,102.48,4.03,29.3,0.34,2.2,0.00218
12/6/2018,3521.1,107.59,91.76,3.52,26.94,0.31,1.87,0.002097
12/7/2018,3419.94,106.85,93.29,3.84,25.27,0.3,1.74,0.002104
12/8/2018,3476.11,104.05,92.16,3.86,24.86,0.31,1.84,0.00212
12/9/2018,3614.23,109.62,95.14,4,25.95,0.31,2.03,0.002102
12/10/2018,3502.66,107.31,91.69,3.91,24.62,0.3,1.94,0.0021
12/11/2018,3424.59,102.07,88.95,3.74,23.8,0.3,1.85,0.002088
12/12/2018,3486.95,102.59,90.59,3.91,24.49,0.31,1.98,0.002111
12/13/2018,3313.68,90.3,86.54,3.88,23.67,0.3,1.85,0.002065
12/14/2018,3242.48,80.37,84.31,3.72,23.46,0.29,1.83,0.00207
12/15/2018,3236.76,77.37,84.44,3.64,23.78,0.29,1.9,0.002113
12/16/2018,3252.84,81.64,85.26,3.64,25.6,0.29,1.92,0.002125
12/17/2018,3545.86,90.35,95.13,4.01,29.27,0.33,2.4,0.002533
12/18/2018,3696.06,105.2,101.11,4.2,30.14,0.35,2.64,0.002684
12/19/2018,3745.95,128.45,101.27,4.42,29.68,0.35,2.5,0.00272
12/20/2018,4134.44,194.23,116.22,4.79,32.82,0.38,2.75,0.002731
12/21/2018,3896.54,194.3,109.5,4.55,30.8,0.36,2.62,0.002545
12/22/2018,4014.18,196.67,116.76,4.7,31.86,0.36,2.62,0.002502
12/23/2018,3998.98,197.66,130.77,4.95,33.46,0.37,2.82,0.002542
12/24/2018,4078.6,182.26,140.24,5.16,33.2,0.41,2.79,0.00254
12/25/2018,3815.49,170.91,129.84,4.73,31.13,0.38,2.52,0.002404
12/26/2018,3857.3,175.51,131.87,5.53,30.99,0.38,2.6,0.002474
12/27/2018,3654.83,150.13,116.58,4.82,28.29,0.34,2.32,0.002364
12/28/2018,3923.92,174,137.65,5.28,32.51,0.38,2.65,0.002434
12/29/2018,3820.41,165.06,138.02,5.19,31.57,0.37,2.63,0.002403
12/30/2018,3865.95,163.62,139.86,5.31,31.98,0.37,2.68,0.002367
12/31/2018,3742.7,151.05,133.37,5.05,30.47,0.35,2.57,0.002346
1/1/2019,3843.52,164.85,140.82,5.23,31.98,0.36,2.66,0.002392
1/2/2019,3943.41,171.83,155.05,5.44,33.43,0.38,2.89,0.002407
1/3/2019,3836.74,162.05,149.14,5.09,32.03,0.36,2.68,0.00236
1/4/2019,3857.72,161.4,154.58,5.25,32.4,0.36,2.72,0.002315
1/5/2019,3845.19,160.4,155.64,5.14,34.94,0.36,2.7,0.002319
1/6/2019,4076.63,166.84,157.75,5.5,39.3,0.37,2.88,0.002328
1/7/2019,4025.25,161.24,151.7,4.92,37.81,0.36,2.77,0.002285
1/8/2019,4030.85,161.91,150.36,4.99,39.48,0.37,2.8,0.002276
1/9/2019,4035.3,160.08,150.8,4.98,38.99,0.37,2.91,0.002266
1/10/2019,3678.92,134.97,128.63,4.43,33.87,0.33,2.44,0.002132
1/11/2019,3687.37,131.67,127.55,4.49,32.33,0.33,2.42,0.002129
1/12/2019,3661.3,134.38,125.97,4.56,32.38,0.33,2.43,0.002148
1/13/2019,3552.95,126.35,116.9,4.24,30.33,0.32,2.26,0.002094
1/14/2019,3706.05,133.98,129.07,4.35,32.36,0.33,2.48,0.002183
1/15/2019,3630.68,128.48,122.03,4.21,31.51,0.33,2.4,0.002111
1/16/2019,3655.01,129.17,123.55,4.31,31.82,0.33,2.45,0.002138
1/17/2019,3678.56,131.05,123.74,4.52,31.89,0.33,2.52,0.002094
1/18/2019,3657.84,128.46,121.01,4.38,31.31,0.32,2.47,0.002106
1/19/2019,3728.57,130.2,124.52,4.4,32.55,0.33,2.49,0.002153
1/20/2019,3601.01,123.89,119.47,4.29,31.18,0.32,2.37,0.002119
1/21/2019,3576.03,122.83,117.16,4.3,31.21,0.32,2.35,0.002101
1/22/2019,3604.58,128.44,118.75,4.33,31.68,0.32,2.45,0.002057
1/23/2019,3585.12,132.32,117.45,4.3,32,0.32,2.44,0.002043
1/24/2019,3600.87,129.4,117.36,4.31,32.78,0.32,2.45,0.002039
1/25/2019,3599.77,128.37,116.38,4.35,32.98,0.32,2.45,0.002118
1/26/2019,3602.46,127.14,116.49,4.31,33.15,0.31,2.44,0.002083
1/27/2019,3583.97,122.9,113.41,4.25,32.59,0.31,2.38,0.002027
1/28/2019,3470.45,112.5,106.59,3.95,31.2,0.29,2.25,0.001944
1/29/2019,3448.12,111.09,105.6,3.92,31.1,0.29,2.28,0.001927
1/30/2019,3486.18,118.38,108.91,4.02,31.93,0.32,2.34,0.001961
1/31/2019,3457.79,114.81,107.06,3.95,31.65,0.31,2.32,0.001925
2/1/2019,3487.95,116.56,107.61,3.95,32.83,0.31,2.34,0.001916
2/2/2019,3521.06,121.79,110.43,4,34.39,0.31,2.43,0.001936
2/3/2019,3464.01,118.83,107.49,3.92,33.44,0.3,2.38,0.001904
2/4/2019,3459.15,119.12,107.82,3.89,34.11,0.3,2.4,0.001896
2/5/2019,3466.36,117.71,107.44,3.87,34.26,0.3,2.39,0.001888
2/6/2019,3413.77,115.33,104.92,3.76,32.93,0.29,2.35,0.001866
2/7/2019,3399.47,115.15,104.54,3.86,33.22,0.29,2.35,0.001845
2/8/2019,3666.78,130.86,119.27,4.16,43.46,0.31,2.72,0.001956
2/9/2019,3671.2,128.64,119.43,4.09,44.79,0.31,2.78,0.001949
2/10/2019,3690.19,127.59,124.81,4.17,46.83,0.31,2.84,0.001946
2/11/2019,3648.43,122.51,121.3,4.08,43.18,0.3,2.76,0.001906
2/12/2019,3653.53,123.45,122.57,4.09,43.93,0.31,2.95,0.001894
2/13/2019,3632.07,123.15,122.55,4.13,42,0.3,2.88,0.001893
2/14/2019,3616.88,121.65,121.39,4.13,41.64,0.3,2.75,0.001897
2/15/2019,3620.81,121.96,122.1,4.11,42.7,0.3,2.8,0.001908
2/16/2019,3629.79,122.36,123.26,4.09,43.59,0.3,2.82,0.001924
2/17/2019,3673.84,124.69,133.6,4.18,43.93,0.3,2.88,0.001992
2/18/2019,3915.71,144.41,146.1,4.41,48.04,0.32,3.47,0.002114
2/19/2019,3947.09,143.3,145.35,4.6,47.86,0.32,3.57,0.002067
2/20/2019,3999.82,148.05,149.55,4.7,51.79,0.33,3.92,0.002079
2/21/2019,3954.12,142.93,146.13,4.51,49.15,0.32,3.81,0.002028
2/22/2019,4005.53,145.11,149.09,4.72,49.81,0.32,3.89,0.002056
2/23/2019,4142.53,153.26,158.8,4.84,51.68,0.33,4.27,0.002083
2/24/2019,3810.43,130.27,135.85,4.2,44.68,0.3,3.59,0.001974
2/25/2019,3882.7,135.87,139.82,4.3,46.21,0.33,3.59,0.00203
2/26/2019,3854.36,134.26,138.09,4.33,45.49,0.32,3.47,0.002023
2/27/2019,3851.05,132.79,136.13,4.33,45.58,0.31,3.53,0.002019
2/28/2019,3854.79,132.19,136.75,4.28,46.24,0.32,3.54,0.001976
3/1/2019,3859.58,132.96,136.44,4.29,47.49,0.32,3.52,0.001994
3/2/2019,3864.42,132.54,134.21,4.28,49.02,0.32,3.52,0.002003
3/3/2019,3847.18,131.56,132.25,4.28,48.38,0.31,3.55,0.001999
3/4/2019,3761.56,125.12,127.77,4.16,46.43,0.31,3.28,0.001982
3/5/2019,3896.38,132.51,137.82,4.32,53.13,0.32,3.78,0.001985
3/6/2019,3903.94,133.27,138.79,4.31,55.78,0.32,3.77,0.001983
3/7/2019,3911.48,132.16,138.03,4.39,57.19,0.31,3.79,0.001991
3/8/2019,3901.13,129.47,135.13,4.24,56.1,0.31,3.63,0.00198
3/9/2019,3963.31,133.82,137.97,4.3,58.09,0.31,3.77,0.001998
3/10/2019,3951.6,132.84,136.76,4.36,57.18,0.31,3.74,0.001999
3/11/2019,3905.23,130.2,133.83,4.26,55.42,0.31,3.6,0.001966
3/12/2019,3909.16,128.95,134.44,4.3,57,0.31,3.66,0.002012
3/13/2019,3906.72,128.93,133.26,4.27,55.93,0.31,3.62,0.002025
3/14/2019,3924.37,133.9,133.71,4.34,56.58,0.31,3.61,0.002039
3/15/2019,3960.91,143.99,137.69,4.43,58.99,0.32,3.72,0.002048
3/16/2019,4048.73,157.58,142.4,4.52,61.84,0.32,3.83,0.002077
3/17/2019,4025.23,156.08,140,4.46,61.24,0.32,3.78,0.002081
3/18/2019,4032.51,162.49,139.37,4.44,60.26,0.32,3.75,0.002083
3/19/2019,4071.19,162.43,140.52,4.65,60.62,0.32,3.78,0.002091
3/20/2019,4087.48,160.53,140.69,4.68,60.85,0.32,3.75,0.002061
3/21/2019,4029.33,154.77,136.64,4.8,59.38,0.31,3.67,0.002054
3/22/2019,4023.97,158.34,137.18,4.89,59.82,0.31,3.65,0.002052
3/23/2019,4035.83,167.41,138.24,4.89,61.35,0.31,3.69,0.002064
3/24/2019,4022.17,165.94,136.99,4.84,60.22,0.31,3.66,0.002054
3/25/2019,3963.07,161.62,135.03,4.73,59.5,0.3,3.68,0.002043
3/26/2019,3985.08,161.44,135.46,4.71,59.34,0.31,3.76,0.002054
3/27/2019,4087.07,173.18,140.99,4.86,62.25,0.31,4.32,0.002085
3/28/2019,4069.11,169.45,139.42,4.77,61.17,0.31,4.27,0.002074
3/29/2019,4098.37,170.45,142.5,4.87,61.3,0.31,4.28,0.002087
3/30/2019,4106.66,168.59,142.09,4.79,60.62,0.31,4.14,0.00208
3/31/2019,4105.4,168.94,141.51,4.82,60.76,0.31,4.18,0.00208
4/1/2019,4158.18,167.63,141.83,4.82,60.68,0.31,4.2,0.002461
4/2/2019,4879.88,236.13,163.96,5.46,76.19,0.35,5.03,0.002795
4/3/2019,4973.02,298.35,161.46,5.46,84.92,0.34,5.22,0.003164
4/4/2019,4922.8,286.57,158.05,5.36,84.98,0.33,5.08,0.003697
4/5/2019,5036.68,292.64,165.51,5.82,88.68,0.36,5.34,0.00359
4/6/2019,5059.82,306.07,165.95,6,92.57,0.35,5.35,0.003439
4/7/2019,5198.9,319.6,174.53,7.67,92.31,0.36,5.46,0.003418
4/8/2019,5289.77,310.16,180.26,7.2,89.49,0.36,5.55,0.003045
4/9/2019,5204.96,296.04,176.11,6.99,86.79,0.35,5.56,0.002884
4/10/2019,5324.55,305.22,177.34,7.05,88.38,0.35,5.84,0.003021
4/11/2019,5064.49,272.71,165.5,6.29,79.68,0.33,5.34,0.002789
4/12/2019,5089.54,282.85,164.74,6.37,78.96,0.33,5.38,0.002856
4/13/2019,5096.59,279.47,164.51,6.34,78.22,0.33,5.34,0.002872
4/14/2019,5167.72,288.65,167.84,6.44,82.94,0.33,5.55,0.002882
4/15/2019,5067.11,314.12,161.57,6.19,79.05,0.32,5.38,0.00279
4/16/2019,5235.56,318.31,167.62,6.31,81.35,0.33,5.55,0.002835
4/17/2019,5251.94,310.8,166.95,6.23,79.33,0.34,5.46,0.00281
4/18/2019,5298.39,306.96,173.81,6.34,82.07,0.34,5.5,0.002946
4/19/2019,5303.81,306.81,173.71,6.29,82.57,0.33,5.49,0.002893
4/20/2019,5337.89,300.75,173.75,6.25,81.51,0.33,5.47,0.002902
4/21/2019,5314.53,290.48,170.05,5.93,77.33,0.32,5.25,0.00276
4/22/2019,5399.37,292.81,171.87,5.94,76.95,0.32,5.25,0.002798
4/23/2019,5572.36,291.17,171.45,5.96,74.85,0.32,5.18,0.002772
4/24/2019,5464.87,278.94,165.83,5.6,73.31,0.3,4.81,0.002599
4/25/2019,5210.52,266.85,154.46,5.4,71.25,0.29,4.59,0.002506
4/26/2019,5279.35,263.88,156.35,5.44,73.12,0.3,4.74,0.002519
4/27/2019,5268.29,263.94,158.43,5.5,72.12,0.3,4.71,0.002516
4/28/2019,5285.14,255.47,157.3,5.58,69.73,0.3,4.72,0.002531
4/29/2019,5247.35,236.61,155.2,5.57,67.96,0.29,4.53,0.002466
4/30/2019,5350.73,267.76,162.17,5.9,74.28,0.31,4.83,0.002513
5/1/2019,5402.7,271.82,160.82,5.84,73.66,0.3,4.78,0.002521
5/2/2019,5505.28,270.18,162.12,5.79,73.78,0.3,4.79,0.002611
5/3/2019,5768.29,293.01,167.95,6.07,79.33,0.31,5.09,0.002721
5/4/2019,5831.17,291.49,164.03,5.83,78.06,0.3,4.96,0.00268
5/5/2019,5795.71,293.95,163.45,5.74,75.98,0.3,4.9,0.002653
5/6/2019,5746.81,287.66,172.65,5.69,74.98,0.3,4.9,0.002542
5/7/2019,5829.5,286.73,169.8,5.67,74.69,0.3,4.87,0.002536
5/8/2019,5982.46,286.3,170.95,5.73,74.62,0.3,4.9,0.002537
5/9/2019,6174.53,284.19,170.29,5.57,74.18,0.3,4.85,0.0025
5/10/2019,6378.85,287.73,173.14,5.64,77.17,0.3,4.83,0.002522
5/11/2019,7204.77,356.37,194.3,6.08,89.22,0.32,5.53,0.002754
5/12/2019,6972.37,354.03,187.33,5.82,84.57,0.31,5.32,0.002665
5/13/2019,7814.92,384.48,196.85,6.09,88.06,0.33,5.58,0.002756
5/14/2019,7994.42,388.96,217.15,6.56,91.62,0.41,6.05,0.003068
5/15/2019,8205.17,402.93,247.15,7.58,101.74,0.46,6.48,0.003308
5/16/2019,7884.91,398.7,264.01,7.65,95.59,0.42,6.5,0.003168
5/17/2019,7343.9,364.85,243.76,7.22,89,0.39,6.02,0.002962
5/18/2019,7271.21,357.62,234.6,7.16,86.7,0.37,5.89,0.003005
5/19/2019,8197.69,421.49,261.29,7.84,95.32,0.42,6.49,0.003178
5/20/2019,7978.31,412.81,251.86,7.41,91.49,0.4,6.25,0.003041
5/21/2019,7963.33,417.55,255.22,7.46,91.51,0.4,6.29,0.003086
5/22/2019,7680.07,392.51,244.7,6.96,88.21,0.38,5.97,0.002939
5/23/2019,7881.85,405.84,245.97,7.07,89.18,0.38,6.05,0.002961
5/24/2019,7987.37,409.05,249.48,7.29,99.9,0.38,6.4,0.002995
5/25/2019,8052.54,406.74,251.76,7.3,102.67,0.39,6.39,0.002991
5/26/2019,8673.22,432.84,267.07,7.66,111.42,0.41,6.91,0.003092
5/27/2019,8805.78,443.8,272.86,8.19,118.03,0.43,7.98,0.003141
5/28/2019,8719.96,435,271.77,8.22,114.93,0.45,8.05,0.003148
5/29/2019,8659.49,454.12,269.46,8.18,115.08,0.44,7.98,0.003127
5/30/2019,8319.47,424.62,255.86,8.13,108.8,0.42,7.37,0.003258
5/31/2019,8574.5,445.07,268.11,8.66,114.54,0.44,8.51,0.003441
6/1/2019,8564.02,434.46,265.39,8.57,112.62,0.43,7.78,0.003419
6/2/2019,8742.96,443.77,270.23,9.52,114.7,0.44,7.77,0.003398
6/3/2019,8208.99,408.66,252.61,9.41,107.47,0.43,6.8,0.003198
6/4/2019,7707.77,382.66,241.34,8.21,102.09,0.4,6.31,0.003042
6/5/2019,7824.23,398.38,247.05,8.17,103.85,0.4,6.45,0.00307
6/6/2019,7822.02,396.93,249.47,7.98,111.11,0.42,6.39,0.003087
6/7/2019,8043.95,401.43,250.93,8.22,117.37,0.42,6.66,0.00311
6/8/2019,7954.13,394.24,245.74,8.46,118.55,0.41,6.41,0.003084
6/9/2019,7688.08,381.17,233.09,8.15,115.13,0.39,6.17,0.003012
6/10/2019,8000.33,394.58,247.52,8.3,129.07,0.4,6.42,0.003091
6/11/2019,7927.71,387.91,245.78,8.26,136.03,0.39,6.34,0.003058
6/12/2019,8145.86,396.38,260.9,8.56,135.65,0.4,6.44,0.003067
6/13/2019,8230.92,411.94,256.17,8.55,131.35,0.4,6.46,0.003074
6/14/2019,8693.83,421.29,264.09,8.54,133.05,0.41,6.59,0.003124
6/15/2019,8838.38,422.83,269.02,8.6,138.13,0.41,6.9,0.003157
6/16/2019,8994.49,428.32,269.22,8.69,137.12,0.43,6.99,0.003186
6/17/2019,9320.35,432.52,274.35,8.81,134.44,0.45,7.13,0.00319
6/18/2019,9081.76,413.94,265.05,8.43,135.16,0.43,6.8,0.003125
6/19/2019,9273.52,416.91,269.43,8.54,136.6,0.44,6.87,0.00313
6/20/2019,9527.16,413.56,271.7,8.5,135.48,0.43,6.84,0.003161
6/21/2019,10144.56,439.45,294.91,8.72,138.88,0.44,7.09,0.003223
6/22/2019,10701.69,480.17,309.38,9.14,141.9,0.47,7.47,0.003279
6/23/2019,10855.37,475.02,307.83,9.28,136.88,0.47,7.25,0.003304
6/24/2019,11011.1,476.25,310.42,9.26,135.53,0.47,7.23,0.003368
6/25/2019,11790.92,479.81,318.13,9.25,136.49,0.47,7.2,0.003392
6/26/2019,13016.23,485.57,336.75,9.04,131.27,0.47,6.77,0.003379
6/27/2019,11182.81,413.27,294.27,7.65,114.4,0.41,5.9,0.003329
6/28/2019,12407.33,436.8,311.23,8.03,120.15,0.43,6.26,0.00349
6/29/2019,11959.37,442.72,320.06,8.27,133.66,0.43,6.4,0.003405
6/30/2019,10817.16,399.47,290.7,7.73,122.25,0.4,5.77,0.003258
7/1/2019,10583.13,416.65,293.64,7.76,122.58,0.41,6.02,0.003238
7/2/2019,10801.68,407.89,291.6,7.7,119.24,0.4,5.9,0.003204
7/3/2019,11961.27,422.61,303.1,7.87,122.56,0.41,6.11,0.003313
7/4/2019,11215.44,401.69,284.52,7.76,119.98,0.39,5.75,0.003229
7/5/2019,10978.46,400.51,288,7.84,118.35,0.38,5.76,0.003867
7/6/2019,11208.55,405.47,287.55,7.81,117.82,0.39,5.76,0.003547
7/7/2019,11450.85,411.81,305.7,7.93,120.32,0.4,5.96,0.003633
7/8/2019,12285.96,418.63,313.25,8.02,123.29,0.4,5.98,0.003559
7/9/2019,12573.81,416.08,308.88,7.91,119.43,0.39,5.9,0.003549
7/10/2019,12156.51,390.24,290,7.29,108.5,0.36,5.29,0.003424
7/11/2019,11358.66,345.88,268.7,6.63,102.64,0.33,4.69,0.003243
7/12/2019,11815.99,354.46,276.28,6.81,105.3,0.34,4.82,0.00334
7/13/2019,11392.38,344.95,269.46,6.63,101.02,0.33,4.75,0.003249
7/14/2019,10256.06,282.84,227.58,5.67,89.77,0.31,4.12,0.003014
7/15/2019,10895.09,314.74,229.78,5.79,90.92,0.32,4.32,0.003092
7/16/2019,9477.64,281.71,199.19,5.35,79.5,0.3,3.68,0.002825
7/17/2019,9693.8,291.54,211.48,5.7,89.81,0.31,3.85,0.00303
7/18/2019,10666.48,315.09,226.57,6.05,101.09,0.32,4.12,0.003121
7/19/2019,10530.73,308.03,221.33,5.87,98.4,0.32,4.05,0.003059
7/20/2019,10767.14,324.2,229.12,6.18,100.61,0.33,4.32,0.003118
7/21/2019,10599.11,320.86,225.63,6.26,99.63,0.33,4.33,0.003076
7/22/2019,10343.11,310.59,217.56,6.36,95.42,0.32,4.13,0.002997
7/23/2019,9900.77,298.58,212.73,6.04,90.62,0.31,4.16,0.00288
7/24/2019,9811.93,302.85,217.05,6.12,94.31,0.32,4.6,0.002915
7/25/2019,9911.84,302.95,219.62,6.02,93.45,0.31,4.58,0.002921
7/26/2019,9870.3,316.04,219.63,6.22,94.31,0.32,4.63,0.002921
7/27/2019,9477.68,306.64,207.41,5.93,88.89,0.31,4.27,0.002823
7/28/2019,9552.86,310.46,211.19,5.91,89.77,0.31,4.25,0.002859
7/29/2019,9519.15,307.92,211.27,5.94,90.43,0.31,4.22,0.00284
7/30/2019,9607.42,315.93,210.52,5.94,90.57,0.32,4.22,0.002817
7/31/2019,10085.63,326.57,218.65,6.06,98.51,0.32,4.43,0.002899
8/1/2019,10399.67,328.76,217.81,5.98,99.18,0.32,4.33,0.002957
8/2/2019,10518.17,326.82,217.87,5.88,94.94,0.31,4.19,0.002909
8/3/2019,10821.73,332.75,222.49,5.9,94.58,0.32,4.3,0.002912
8/4/2019,10970.18,333.67,222.67,6.12,93.2,0.32,4.24,0.002938
8/5/2019,11805.65,346.76,234.22,6.19,96.83,0.32,4.49,0.003087
8/6/2019,11478.17,333.58,226.02,5.86,93.07,0.31,4.19,0.00295
8/7/2019,11941.97,339.61,226.39,5.91,90.91,0.31,4.23,0.003006
8/8/2019,11966.41,333.73,220.94,5.99,90.03,0.31,4.16,0.002928
8/9/2019,11862.94,316.62,210.49,5.81,84.44,0.3,3.91,0.002904
8/10/2019,11354.02,315.99,206.73,5.66,85.42,0.3,4.07,0.002842
8/11/2019,11523.58,336.2,216.09,5.82,89.75,0.3,4.19,0.002898
8/12/2019,11382.62,330.23,211.29,5.79,85.75,0.3,4.13,0.00288
8/13/2019,10895.83,343.68,208.71,5.9,84.41,0.3,4.07,0.002825
8/14/2019,10051.7,311.5,186.61,5.59,76.06,0.26,3.67,0.002722
8/15/2019,10311.55,314.58,188.5,5.66,76.39,0.26,3.63,0.00264
8/16/2019,10374.34,310.45,185.44,5.54,74.92,0.26,3.59,0.002681
8/17/2019,10231.74,307.28,185.69,5.47,72.8,0.27,3.56,0.002646
8/18/2019,10345.81,316.51,194.49,5.58,76.27,0.28,3.7,0.002723
8/19/2019,10916.05,325.61,203.09,5.56,77.26,0.28,3.73,0.002797
8/20/2019,10763.23,316.25,196.57,6.02,75.2,0.28,3.68,0.002763
8/21/2019,10138.05,302.99,186.89,6.13,72.96,0.27,3.5,0.002675
8/22/2019,10131.06,311.33,191.33,7.26,73.6,0.27,3.64,0.0027
8/23/2019,10407.97,316.83,194.71,7.15,75.4,0.28,3.68,0.002713
8/24/2019,10159.96,307.65,191.29,6.88,73.46,0.27,3.67,0.002661
8/25/2019,10138.52,305.6,186.84,7.15,72.31,0.27,3.56,0.002662
8/26/2019,10370.82,311.12,188.93,7.35,73.86,0.27,3.58,0.002679
8/27/2019,10185.5,308.04,187.52,7.19,72.84,0.27,3.55,0.00262
8/28/2019,9754.42,292.19,173.89,6.48,67.43,0.26,3.29,0.002524
8/29/2019,9510.2,280.74,169.52,5.95,64.1,0.26,3.22,0.00245
8/30/2019,9598.17,279.87,168.83,6.32,64.33,0.26,3.22,0.002482
8/31/2019,9630.66,279.94,172.47,6.29,64.58,0.26,3.33,0.002511
9/1/2019,9757.97,282.33,171.63,6.27,66.14,0.26,3.28,0.002492
9/2/2019,10346.76,294.08,178.35,6.68,66.94,0.26,3.32,0.002596
9/3/2019,10623.54,300.86,179.5,6.82,69.13,0.26,3.36,0.002595
9/4/2019,10594.49,295.3,175.99,6.78,67.29,0.26,3.31,0.00269
9/5/2019,10575.53,292.9,174.22,7.06,65.4,0.26,3.28,0.002531
9/6/2019,10353.3,287.45,169.96,6.72,65.23,0.25,3.23,0.002509
9/7/2019,10517.25,301.15,178.26,6.68,69.04,0.26,3.57,0.002515
9/8/2019,10441.28,307.01,181.36,6.66,70.55,0.26,3.78,0.002501
9/9/2019,10334.97,305.43,181.15,6.62,70.19,0.26,3.88,0.002461
9/10/2019,10115.98,304.13,179.79,6.53,70.82,0.26,3.78,0.002437
9/11/2019,10178.37,299.81,178.73,6.34,69.92,0.26,3.76,0.002399
9/12/2019,10410.13,300.42,181.02,6.22,69.23,0.25,3.72,0.002425
9/13/2019,10360.55,298.26,181.11,6.16,68.99,0.26,3.72,0.002426
9/14/2019,10358.05,304.69,188.11,6.25,70.56,0.26,4.01,0.002441
9/15/2019,10347.71,304.23,189.79,6.27,70.32,0.26,4.07,0.00246
9/16/2019,10276.79,307.53,197.11,6.22,72.57,0.26,4.08,0.002455
9/17/2019,10241.27,319.5,208.61,6.32,74.22,0.29,4.08,0.002608
9/18/2019,10198.25,324.72,211.39,6.4,77.97,0.31,4.09,0.002719
9/19/2019,10266.41,323.7,221.28,6.23,77.06,0.3,3.98,0.002709
9/20/2019,10181.64,315.37,218.05,6.17,75.15,0.29,4.01,0.002672
9/21/2019,10019.72,312.48,215.52,6.14,73.52,0.29,4.01,0.002586
9/22/2019,10070.39,308.3,211.55,6.03,72.62,0.28,3.83,0.002592
9/23/2019,9729.32,293.07,201.92,5.84,66.85,0.27,3.7,0.002486
9/24/2019,8620.57,222.35,168.11,4.64,55.82,0.24,2.83,0.002228
9/25/2019,8486.99,229.41,170.89,4.84,57.66,0.25,2.91,0.002197
9/26/2019,8118.97,216.2,166.73,4.71,55.54,0.24,2.82,0.002155
9/27/2019,8251.85,222.56,174.71,4.7,56.36,0.24,2.86,0.002221
9/28/2019,8245.92,228.83,174.57,4.69,55.68,0.24,2.86,0.002234
9/29/2019,8104.19,220.43,170.5,4.58,54.32,0.24,2.8,0.002223
9/30/2019,8293.87,228.12,179.87,4.71,56.06,0.26,2.96,0.002387
10/1/2019,8343.28,224.76,177.34,4.64,56.06,0.25,2.96,0.002388
10/2/2019,8393.04,225.89,180.71,4.7,56.51,0.25,3.02,0.002351
10/3/2019,8259.99,222.58,175.2,4.62,56.55,0.25,2.94,0.002325
10/4/2019,8205.94,223.25,176.99,4.62,56.85,0.25,3.02,0.00236
10/5/2019,8151.5,223.17,176.35,4.62,56.84,0.25,2.99,0.002322
10/6/2019,7988.16,223.41,173.06,4.55,55.41,0.26,2.95,0.002346
10/7/2019,8245.62,234.24,181.19,4.69,57.79,0.28,3.19,0.00239
10/8/2019,8228.78,232.36,182.02,4.65,57.4,0.28,3.18,0.002346
10/9/2019,8595.74,239.44,193.29,5.07,59.43,0.28,3.25,0.002388
10/10/2019,8586.47,230.11,191.66,4.85,57.78,0.27,3.16,0.002332
10/11/2019,8321.76,222.59,182.57,4.68,56.3,0.27,3.14,0.002345
10/12/2019,8336.56,225.1,180.83,4.73,55.98,0.27,3.09,0.00234
10/13/2019,8321.01,224.12,182.08,4.76,56.71,0.28,3.12,0.002447
10/14/2019,8374.69,228.59,186.96,4.8,56.98,0.3,3.17,0.002545
10/15/2019,8205.37,222.83,181.41,4.57,54.94,0.29,2.99,0.00251
10/16/2019,8047.53,218.2,176.01,4.45,52.92,0.28,2.95,0.002607
10/17/2019,8103.91,221.43,178.03,4.51,54.88,0.3,2.96,0.002755
10/18/2019,7973.21,212.65,173.62,4.44,53.49,0.3,2.89,0.002706
10/19/2019,7988.56,213.98,172.91,4.45,54.03,0.29,2.88,0.002743
10/20/2019,8222.08,224.93,175.53,4.52,54.93,0.29,2.93,0.00273
10/21/2019,8243.72,233.26,174.92,4.6,54.94,0.29,2.94,0.002774
10/22/2019,8078.2,228.04,172.3,4.48,53.74,0.29,2.9,0.002565
10/23/2019,7514.67,210.38,162.4,4.26,49.63,0.27,2.72,0.002495
10/24/2019,7493.49,214.05,162.17,4.3,50.07,0.28,2.75,0.002538
10/25/2019,8660.7,259.17,181.52,4.75,56.94,0.3,3.18,0.002684
10/26/2019,9244.97,252.51,179.84,4.58,56.78,0.29,3.14,0.002622
10/27/2019,9551.71,261.25,184.24,4.8,59.91,0.3,3.34,0.002654
10/28/2019,9256.15,265.41,182.66,4.77,58.13,0.3,3.3,0.002646
10/29/2019,9427.69,288.96,190.34,4.93,59.87,0.3,3.41,0.002655
10/30/2019,9205.73,290.63,184.69,4.82,58.42,0.3,3.3,0.002616
10/31/2019,9199.58,284.48,183.97,4.84,58.78,0.3,3.28,0.002615
11/1/2019,9261.1,279.14,183.97,4.89,58.58,0.29,3.35,0.00263
11/2/2019,9324.72,290.72,183.93,4.94,58.6,0.3,3.33,0.002627
11/3/2019,9235.35,292.71,182.43,4.9,58.63,0.29,3.28,0.002637
11/4/2019,9412.61,291.85,186.36,4.97,61.57,0.3,3.45,0.002614
11/5/2019,9342.53,293.71,189.3,5.03,63.3,0.3,3.62,0.002624
11/6/2019,9360.88,306.23,191.59,5.09,64.27,0.31,3.62,0.002628
11/7/2019,9267.56,293.5,187.98,5.26,61.84,0.29,3.5,0.002725
11/8/2019,8804.88,277.98,184.21,4.99,60.53,0.28,3.42,0.002653
11/9/2019,8813.58,282.74,185.03,4.96,61.95,0.28,3.49,0.002713
11/10/2019,9055.53,293.48,189.48,5.05,63.84,0.28,3.58,0.002775
11/11/2019,8757.79,287.16,185.49,4.9,61.9,0.28,3.45,0.002715
11/12/2019,8815.66,289.24,186.84,4.91,61.34,0.27,3.48,0.002725
11/13/2019,8808.26,286.49,188.26,4.86,61.11,0.27,3.48,0.002698
11/14/2019,8708.1,279.56,186,4.78,59.43,0.27,3.42,0.00268
11/15/2019,8491.99,264.71,180.52,4.57,57.81,0.26,3.34,0.002657
11/16/2019,8550.76,267.7,183.35,4.67,58.57,0.26,3.41,0.002669
11/17/2019,8577.98,268.74,185.12,4.65,59.57,0.27,3.42,0.002648
11/18/2019,8309.29,250.18,180.56,4.44,56.8,0.26,3.23,0.002576
11/19/2019,8206.15,244.41,177.46,4.42,55.62,0.26,3.15,0.002548
11/20/2019,8027.27,244.24,175.7,4.37,55.29,0.25,3.1,0.002556
11/21/2019,7642.75,226.6,161.46,4.18,50.88,0.24,2.83,0.002426
11/22/2019,7296.58,208.93,150.27,3.89,47.62,0.23,2.63,0.002362
11/23/2019,7397.8,217.34,153.42,4.05,48.71,0.24,2.72,0.002505
11/24/2019,7047.92,205.15,142.83,3.76,44.73,0.22,2.45,0.002365
11/25/2019,7146.13,209.24,146.48,3.79,45.83,0.22,2.54,0.002286
11/26/2019,7218.37,212.93,148.97,3.9,47.27,0.22,2.63,0.002291
11/27/2019,7531.66,220.41,153.01,3.96,48.01,0.23,2.69,0.002339
11/28/2019,7463.11,218.74,151.72,3.95,47.06,0.22,2.64,0.002313
11/29/2019,7761.24,224.81,155.3,4.1,48.88,0.23,2.8,0.002456
11/30/2019,7569.63,218.91,152.54,3.96,47.48,0.23,2.76,0.00232
12/1/2019,7424.29,216.17,151.19,3.94,47.71,0.23,2.78,0.002292
12/2/2019,7321.99,215.66,149.06,3.87,45.82,0.22,2.69,0.002235
12/3/2019,7320.15,212.86,147.96,3.85,45.38,0.22,2.7,0.002217
12/4/2019,7252.03,209.29,146.75,3.78,45.19,0.22,2.65,0.002208
12/5/2019,7448.31,213.29,149.25,3.81,45.3,0.22,2.7,0.002223
12/6/2019,7547,213.22,149.19,3.89,45.67,0.23,2.74,0.002226
12/7/2019,7556.24,212.65,148.77,3.89,45.64,0.23,2.74,0.00223
12/8/2019,7564.35,214.36,151.26,3.92,45.95,0.23,2.76,0.002238
12/9/2019,7400.9,209.85,148.23,3.82,44.94,0.23,2.67,0.002208
12/10/2019,7278.12,208.3,146.27,3.8,44.64,0.22,2.62,0.002204
12/11/2019,7217.43,207.18,143.61,3.78,43.95,0.22,2.58,0.002185
12/12/2019,7243.13,207.71,145.6,3.84,44.08,0.22,2.6,0.002188
12/13/2019,7269.68,211.09,144.94,3.86,44.45,0.22,2.63,0.002175
12/14/2019,7124.67,207.5,142.87,3.82,43.72,0.22,2.58,0.00217
12/15/2019,7152.3,207.36,143.11,3.82,43.76,0.22,2.57,0.002154
12/16/2019,6932.48,197.15,133.61,3.7,40.37,0.21,2.38,0.002121
12/17/2019,6640.52,177.41,122.6,3.47,37.08,0.18,2.21,0.002018
12/18/2019,7276.8,189.73,133.09,3.78,40.78,0.2,2.46,0.002183
12/19/2019,7202.84,187.63,129.32,3.77,39.92,0.19,2.47,0.002123
12/20/2019,7218.82,188.17,129.07,4.06,40.29,0.2,2.5,0.002075
12/21/2019,7191.16,187.74,128.13,4.1,40,0.19,2.46,0.002084
12/22/2019,7511.59,196.66,132.37,4.2,41.97,0.2,2.54,0.002115
12/23/2019,7355.63,190.52,128.61,4.01,40.85,0.19,2.53,0.002073
12/24/2019,7322.53,189.5,129.06,3.96,40.68,0.19,2.56,0.002073
12/25/2019,7275.16,187.18,126.45,4.08,40.63,0.19,2.51,0.002088
12/26/2019,7238.97,188.56,126.36,4.51,40.27,0.19,2.53,0.002058
12/27/2019,7290.09,203.33,127.21,4.52,41.18,0.19,2.58,0.002053
12/28/2019,7317.99,206.41,128.32,4.42,42.84,0.19,2.63,0.002064
12/29/2019,7422.65,212.96,134.76,4.66,43.67,0.2,2.69,0.002068
12/30/2019,7293,209.4,132.63,4.64,42.75,0.19,2.65,0.002054
12/31/2019,7193.6,204.62,129.61,4.5,41.34,0.19,2.58,0.002028
1/1/2020,7200.17,204.4,130.8,4.5,42.02,0.19,2.6,0.002033
1/2/2020,6985.47,195.7,127.41,4.26,39.82,0.19,2.46,0.002009
1/3/2020,7344.88,222.41,134.17,4.58,42.42,0.19,2.64,0.002145
1/4/2020,7410.66,226.02,135.07,4.73,43.33,0.19,2.67,0.002241
1/5/2020,7411.32,224.1,136.28,4.91,43.55,0.2,2.7,0.002419
1/6/2020,7769.22,244.56,144.3,5.05,45.82,0.22,2.86,0.002463
1/7/2020,8163.69,243.26,143.54,4.83,46.42,0.21,2.85,0.002433
1/8/2020,8079.86,241.06,141.26,4.97,45.65,0.21,2.79,0.002293
1/9/2020,7879.07,239.22,138.98,5.21,45.22,0.2,2.76,0.002256
1/10/2020,8166.55,270.73,143.96,5.34,48.73,0.21,2.97,0.002356
1/11/2020,8037.54,260.68,142.93,5.58,49.26,0.21,2.99,0.002314
1/12/2020,8192.49,268.24,145.87,5.56,51.08,0.22,3.19,0.002381
1/13/2020,8144.19,267.52,144.23,5.5,49.73,0.21,3.11,0.002358
1/14/2020,8827.76,350.26,165.96,6.81,58.48,0.23,3.83,0.00247
1/15/2020,8807.01,339.4,166.23,7.98,58.05,0.23,3.77,0.002369
1/16/2020,8723.79,325.98,164.39,8.38,57.62,0.23,3.83,0.002345
1/17/2020,8929.04,366.98,170.78,9.52,61.49,0.24,3.92,0.00249
1/18/2020,8942.81,339.12,175.37,8.33,59.41,0.24,3.82,0.002507
1/19/2020,8706.25,338.31,166.97,8.51,57.8,0.24,3.62,0.002405
1/20/2020,8657.64,343.81,167.12,8.67,57.2,0.23,3.61,0.002374
1/21/2020,8745.89,343.42,169.7,8.95,57.65,0.24,3.66,0.002376
1/22/2020,8680.88,347.23,168.29,9.34,58.35,0.24,3.65,0.002323
1/23/2020,8406.52,324.87,162.93,8.46,54.63,0.23,3.57,0.002268
1/24/2020,8445.43,319.52,163.05,8.62,54.53,0.22,3.64,0.002276
1/25/2020,8367.85,311.36,161.28,8.43,53.7,0.22,3.53,0.002257
1/26/2020,8596.83,347,168.08,9.14,56.21,0.23,3.65,0.002305
1/27/2020,8909.82,362.65,170.93,10.42,58.76,0.23,3.96,0.002368
1/28/2020,9358.59,378.86,176.37,11.53,60.67,0.24,4.05,0.00245
1/29/2020,9316.63,381.52,175.05,12.32,60.08,0.24,3.98,0.00239
1/30/2020,9508.99,392.97,184.69,12.27,68.16,0.24,4.34,0.00244
1/31/2020,9350.53,375.39,180.16,11.3,67.88,0.24,4.14,0.002394
2/1/2020,9392.88,381.01,183.67,11.54,70.82,0.24,4.16,0.002422
2/2/2020,9344.37,378.27,188.62,11.39,70.23,0.25,4.22,0.002468
2/3/2020,9293.52,383.88,189.87,11.79,69.78,0.25,4.2,0.00244
2/4/2020,9180.96,380.6,189.25,11.43,68.2,0.27,4.25,0.002503
2/5/2020,9613.42,442.01,204.23,12.34,72.49,0.28,4.52,0.002582
2/6/2020,9729.8,442.79,212.34,12.1,73.39,0.28,4.58,0.002653
2/7/2020,9795.94,439.75,222.73,11.7,74.36,0.28,4.6,0.002769
2/8/2020,9865.12,443.51,223.15,11.67,76.47,0.28,4.76,0.003159
2/9/2020,10116.67,449.81,228.58,11.71,77.09,0.28,5.01,0.003232
2/10/2020,9856.61,452.89,223.52,11.84,74.34,0.27,4.91,0.002986
2/11/2020,10208.24,461.26,235.85,11.95,76.6,0.28,5.25,0.003041
2/12/2020,10326.05,475.48,265.41,12.24,81.3,0.3,5.35,0.003093
2/13/2020,10214.38,474.32,268.1,12.04,80.4,0.33,5.34,0.003026
2/14/2020,10312.12,491.16,284.22,11.98,82.99,0.33,5.36,0.00313
2/15/2020,9889.42,437.66,264.73,10.39,76.51,0.31,4.74,0.00292
2/16/2020,9934.43,415.94,259.89,9.64,75.15,0.3,4.41,0.002774
2/17/2020,9690.14,409.34,266.36,9.61,73.25,0.29,4.35,0.002712
2/18/2020,10142,418.87,281.94,9.82,77.04,0.3,4.59,0.002839
2/19/2020,9633.39,382.22,259.76,8.88,71.14,0.28,4.01,0.002624
2/20/2020,9608.48,372.48,257.95,8.9,69.62,0.27,4.01,0.002659
2/21/2020,9686.44,379.4,265.6,9.43,73.45,0.27,4.07,0.002648
2/22/2020,9663.18,373.83,262.33,9.52,75.13,0.28,4.12,0.002601
2/23/2020,9924.52,401.64,273.75,9.73,79.54,0.28,4.38,0.00268
2/24/2020,9650.17,377.58,265.22,9.34,75.54,0.27,4.14,0.00259
2/25/2020,9341.71,353.98,247.82,9.26,71.18,0.25,4.09,0.002476
2/26/2020,8820.52,316.64,225.68,7.68,61.01,0.23,3.55,0.002339
2/27/2020,8784.49,323.29,226.75,7.68,61.51,0.24,3.6,0.002324
2/28/2020,8672.46,313.63,226.76,7.44,59.76,0.24,3.51,0.002289
2/29/2020,8599.51,308.33,219.85,7.41,58.54,0.23,3.54,0.002235
3/1/2020,8562.45,313.3,218.97,7.76,57.96,0.23,3.53,0.002275
3/2/2020,8869.67,336.79,230.57,8.4,61,0.24,3.69,0.002349
3/3/2020,8787.79,329.24,224.48,8.5,61.14,0.23,3.64,0.002499
3/4/2020,8755.25,319.25,224.52,7.95,60.38,0.23,3.6,0.002398
3/5/2020,9078.76,337.24,229.27,8.2,62.05,0.24,3.78,0.002506
3/6/2020,9122.55,348.89,243.53,8.2,63.03,0.24,3.83,0.002496
3/7/2020,8909.95,330.81,237.85,7.82,60.55,0.24,3.66,0.002405
3/8/2020,8108.12,276.2,200.69,6.49,51.73,0.21,3.08,0.002187
3/9/2020,7923.64,273.21,201.99,6.93,50.17,0.21,3.06,0.002214
3/10/2020,7909.73,271.72,200.77,6.81,50.26,0.21,3.08,0.002207
3/11/2020,7911.43,266.86,194.87,6.58,48.46,0.21,3.06,0.002184
3/12/2020,4970.79,152.22,112.35,3.96,30.93,0.14,1.85,0.001537
3/13/2020,5563.71,176.49,133.2,4.85,37.44,0.16,2.1,0.001738
3/14/2020,5200.37,167.58,123.31,4.63,34.4,0.15,1.96,0.001666
3/15/2020,5392.31,178.31,125.21,5.06,36.44,0.15,2.05,0.001685
3/16/2020,5014.48,170.74,110.61,4.45,32.88,0.14,1.88,0.001587
3/17/2020,5225.63,180.33,113.94,4.53,33.56,0.14,1.93,0.001587
3/18/2020,5238.44,179.09,114.84,4.47,33.68,0.14,1.95,0.001566
3/19/2020,6191.19,221.27,136.59,5.06,39.07,0.17,2.29,0.001773
3/20/2020,6198.78,214.42,132.74,4.93,38.13,0.16,2.2,0.001773
3/21/2020,6185.07,219.37,132.82,5.01,38.34,0.16,2.28,0.001785
3/22/2020,5830.25,203.67,123.32,4.62,35.63,0.15,2.13,0.001731
3/23/2020,6416.31,219.33,134.91,4.95,38.77,0.16,2.28,0.001805
3/24/2020,6734.8,227.25,138.76,5.06,40.49,0.16,2.36,0.001851
3/25/2020,6681.06,220.44,136.2,5.02,39.15,0.16,2.3,0.001834
3/26/2020,6716.44,226.82,138.36,5.08,40.16,0.18,2.31,0.001842
3/27/2020,6469.8,217.58,133.94,5.02,38.92,0.18,2.24,0.001807
3/28/2020,6242.19,214.22,130.99,4.81,38.87,0.18,2.21,0.001778
3/29/2020,5922.04,206.46,125.58,4.84,37.33,0.16,2.13,0.001723
3/30/2020,6429.84,221.54,132.9,4.97,39.14,0.17,2.24,0.001831
3/31/2020,6438.64,219.63,133.59,4.95,39.3,0.17,2.22,0.001811
4/1/2020,6606.78,224.02,135.63,5.03,39.38,0.18,2.27,0.001867
4/2/2020,6793.62,232.65,142.03,5.1,39.87,0.18,2.3,0.001882
4/3/2020,6733.39,235.81,142.09,5.13,40.36,0.18,2.34,0.001853
4/4/2020,6867.53,238.82,145.22,5.17,40.68,0.18,2.37,0.00188
4/5/2020,6791.13,232,143.55,5.05,40.67,0.18,2.36,0.001865
4/6/2020,7271.78,255.92,169.14,5.57,44.39,0.2,2.73,0.00198
4/7/2020,7176.41,252.06,165.1,5.46,44.67,0.19,2.63,0.001997
4/8/2020,7334.1,266.24,172.64,5.81,46.32,0.2,2.73,0.002012
4/9/2020,7302.09,257.48,170.81,5.91,46.38,0.2,2.73,0.002021
4/10/2020,6865.49,233.09,158.41,5.25,42.27,0.19,2.5,0.001968
4/11/2020,6859.08,232.05,158.22,5.26,42.32,0.19,2.5,0.00199
4/12/2020,6971.09,235.79,161.14,5.34,42.45,0.19,2.53,0.00199
4/13/2020,6845.04,223.85,156.28,5.18,41.2,0.19,2.45,0.001959
4/14/2020,6842.43,221.97,157.6,5.21,41.05,0.19,2.46,0.001964
4/15/2020,6642.11,215.51,153.29,5.1,39.59,0.18,2.4,0.00194
4/16/2020,7116.8,235.59,172.16,5.48,42.69,0.19,2.66,0.002028
4/17/2020,7096.18,233.62,171.64,5.42,42.75,0.19,2.64,0.002013
4/18/2020,7257.66,243.08,186.91,5.65,44.36,0.19,2.73,0.002061
4/19/2020,7189.42,233.59,181.61,5.53,42.63,0.19,2.62,0.002058
4/20/2020,6881.96,221.57,172.3,5.27,40.83,0.18,2.52,0.001982
4/21/2020,6880.32,221.75,172.74,5.23,41.04,0.18,2.54,0.001971
4/22/2020,7117.21,233.3,182.6,5.38,41.89,0.19,2.62,0.002011
4/23/2020,7429.72,236.6,185.03,5.57,42.94,0.19,2.67,0.002047
4/24/2020,7550.9,239.77,189.24,5.63,44.81,0.19,2.72,0.002103
4/25/2020,7569.94,239.72,195.52,5.78,44.71,0.2,2.72,0.002142
4/26/2020,7679.87,246.27,197.32,6.22,44.69,0.2,2.74,0.002409
4/27/2020,7795.6,243.27,197.22,6.08,44.71,0.2,2.75,0.002355
4/28/2020,7807.06,243.7,198.42,6.19,46.03,0.22,2.78,0.002339
4/29/2020,8801.04,257.49,216.97,6.78,49.18,0.23,3.02,0.002517
4/30/2020,8658.55,249.84,207.6,6.47,46.71,0.21,2.83,0.002443
5/1/2020,8864.77,257.23,214.22,6.68,47.79,0.22,2.89,0.002494
5/2/2020,8988.6,261.98,215.33,7.48,49.46,0.22,2.95,0.002549
5/3/2020,8897.47,252.54,210.93,7.23,48.27,0.22,2.84,0.00251
5/4/2020,8912.65,245.47,208.17,7.24,47.47,0.22,2.78,0.002481
5/5/2020,9003.07,244.59,206.77,7.19,46.79,0.22,2.77,0.002484
5/6/2020,9268.76,245.82,204.06,6.95,45.94,0.22,2.69,0.002529
5/7/2020,9951.52,252.66,212.29,7.1,47.33,0.22,2.76,0.002664
5/8/2020,9842.67,261.44,212.99,7.18,47.88,0.22,2.76,0.002625
5/9/2020,9593.9,266.14,211.6,7.08,47.27,0.22,2.76,0.002613
5/10/2020,8756.43,232.8,188.6,6.2,42.37,0.2,2.45,0.002459
5/11/2020,8601.8,234.95,185.91,6.04,41.7,0.19,2.41,0.002413
5/12/2020,8804.48,233.12,189.31,6.08,42.11,0.2,2.44,0.002463
5/13/2020,9269.99,239.16,199.19,6.21,43.13,0.2,2.53,0.002521
5/14/2020,9733.72,241.86,202.95,6.25,43.95,0.2,2.61,0.002574
5/15/2020,9328.2,235.51,195.62,6.5,42.83,0.2,2.59,0.002506
5/16/2020,9377.01,236.65,200.68,6.69,43.21,0.2,2.63,0.002513
5/17/2020,9670.74,241.19,207.16,6.67,43.64,0.2,2.62,0.002538
5/18/2020,9726.57,247.83,214.53,6.71,45.2,0.21,2.66,0.002543
5/19/2020,9729.04,245.93,213.45,6.65,45.38,0.2,2.63,0.002538
5/20/2020,9522.98,239.52,210.1,6.44,44.17,0.2,2.6,0.002508
5/21/2020,9081.76,228.4,199.88,6.14,42.74,0.2,2.47,0.002485
5/22/2020,9182.58,234.5,207.17,6.47,44.21,0.2,2.6,0.002533
5/23/2020,9209.29,234.98,208.69,6.59,44.03,0.2,2.57,0.002544
5/24/2020,8790.37,224.83,202.37,6.61,42.45,0.2,2.51,0.002458
5/25/2020,8906.93,230.56,205.32,6.81,42.95,0.2,2.54,0.00254
5/26/2020,8835.05,227.22,201.9,6.7,42.43,0.19,2.5,0.002486
5/27/2020,9181.02,233.52,208.86,6.78,43.86,0.2,2.56,0.00251
5/28/2020,9525.75,239.41,219.84,6.85,44.76,0.2,2.62,0.002524
5/29/2020,9439.12,238.15,220.68,7.24,44.65,0.2,2.61,0.002532
5/30/2020,9700.41,251.3,242.35,7.49,47.54,0.21,2.76,0.002615
5/31/2020,9461.06,239.88,230.98,6.93,45.59,0.2,2.67,0.002555
6/1/2020,10167.27,255.35,246.99,7.21,48.13,0.21,2.81,0.002647
6/2/2020,9529.8,249.05,237.22,6.96,45.92,0.2,2.68,0.002561
6/3/2020,9656.72,252.06,244.18,6.94,47.17,0.2,2.7,0.002583
6/4/2020,9800.64,256.68,244.43,6.93,47.64,0.2,2.72,0.002631
6/5/2020,9665.53,256.76,241.22,6.87,47.05,0.2,2.82,0.002596
6/6/2020,9653.68,253.27,241.93,6.85,46.73,0.2,2.8,0.002587
6/7/2020,9758.85,254.34,245.17,6.85,46.67,0.2,2.82,0.002606
6/8/2020,9771.49,255.12,246.31,6.9,46.47,0.2,2.78,0.002584
6/9/2020,9795.7,255.3,244.91,6.81,46.07,0.2,2.76,0.002569
6/10/2020,9870.09,257.25,247.44,6.81,46.68,0.2,2.77,0.002584
6/11/2020,9321.78,236.44,231.7,6.29,43.51,0.19,2.53,0.002452
6/12/2020,9480.84,242.24,237.49,6.42,44.83,0.19,2.6,0.00252
6/13/2020,9475.28,241.16,238.91,6.5,45.09,0.19,2.6,0.002533
6/14/2020,9386.79,238.76,234.11,6.35,44.08,0.19,2.58,0.002511
6/15/2020,9450.7,236.27,229.93,6.25,43.91,0.19,2.53,0.002479
6/16/2020,9538.02,237.53,234.42,6.25,43.88,0.19,2.55,0.002487
6/17/2020,9480.26,240.45,233.03,6.28,44.03,0.19,2.56,0.002485
6/18/2020,9411.84,236.96,232.1,6.23,43.56,0.19,2.53,0.002472
6/19/2020,9288.02,232.33,227.14,6.31,42.68,0.19,2.5,0.002435
6/20/2020,9332.34,231.9,229.27,6.25,43.35,0.19,2.52,0.002447
6/21/2020,9303.63,231.29,228.99,6.22,43.09,0.19,2.52,0.002447
6/22/2020,9648.72,239.79,242.53,6.36,44.19,0.19,2.56,0.002474
6/23/2020,9629.66,240.81,244.14,6.39,44.18,0.19,2.57,0.002484
6/24/2020,9313.61,233.16,235.77,6.22,42.84,0.18,2.49,0.00243
6/25/2020,9264.81,232.41,232.94,6.16,42.56,0.18,2.48,0.002417
6/26/2020,9162.92,230.11,229.67,6.04,43.32,0.18,2.47,0.002359
6/27/2020,9045.39,218.41,222.96,5.61,41.56,0.18,2.35,0.002313
6/28/2020,9143.58,222.71,225.35,5.76,41.41,0.18,2.36,0.002326
6/29/2020,9190.85,225.2,228.19,5.83,41.85,0.18,2.38,0.002313
6/30/2020,9137.99,221.99,226.31,5.73,41.47,0.18,2.36,0.00232
7/1/2020,9228.33,223.69,231.11,5.72,41.7,0.18,2.37,0.002354
7/2/2020,9123.41,222.3,229.39,5.72,41.49,0.18,2.39,0.002361
7/3/2020,9087.3,221.56,225.39,5.66,41.21,0.18,2.42,0.002316
7/4/2020,9132.49,225.33,229.07,5.7,42.07,0.18,2.46,0.002309
7/5/2020,9073.94,221.84,227.66,5.65,41.6,0.18,2.41,0.002309
7/6/2020,9375.47,241.63,241.51,6.1,43.96,0.19,2.61,0.002616
7/7/2020,9252.28,237.15,239.08,6.21,43.32,0.18,2.56,0.00309
7/8/2020,9428.33,243.23,246.67,6.63,45.2,0.2,2.68,0.00475
7/9/2020,9277.97,238.86,243.02,6.67,44.54,0.2,2.66,0.004397
7/10/2020,9278.81,237.92,240.98,6.38,44.25,0.2,2.62,0.003515
7/11/2020,9240.35,236.66,239.46,6.51,44.68,0.2,2.62,0.003811
7/12/2020,9276.5,236.77,242.13,6.45,44.64,0.2,2.61,0.00363
7/13/2020,9243.61,232.43,239.6,6.31,43.92,0.2,2.55,0.003178
7/14/2020,9243.21,230.01,240.21,6.32,43.8,0.2,2.56,0.003294
7/15/2020,9192.84,227.27,238.42,6.22,43.28,0.2,2.53,0.003085
7/16/2020,9132.23,224.02,233.64,6.03,42.04,0.19,2.5,0.002995
7/17/2020,9151.39,222.81,232.77,6.03,41.91,0.19,2.5,0.003061
7/18/2020,9159.04,224.25,235.48,6.04,42.43,0.2,2.5,0.003473
7/19/2020,9185.82,227.1,238.49,6.08,42.55,0.2,2.58,0.003382
7/20/2020,9164.23,222.75,236.15,6.04,41.98,0.2,2.56,0.003239
7/21/2020,9374.89,229.56,245.02,6.17,43.62,0.2,2.62,0.003305
7/22/2020,9525.36,238.7,262.19,6.34,44.94,0.2,2.66,0.003285
7/23/2020,9581.07,237.55,274.69,6.42,44.85,0.21,2.65,0.003295
7/24/2020,9536.89,235.52,279.22,6.25,44.18,0.2,2.59,0.00322
7/25/2020,9677.11,249.51,304.06,6.68,48.8,0.21,2.73,0.003234
7/26/2020,9905.17,246.82,309.64,6.62,47.98,0.21,2.71,0.003235
7/27/2020,10990.87,267.43,321.51,7.11,52.95,0.22,2.84,0.003153
7/28/2020,10912.82,288.55,316.66,7.23,55.58,0.23,2.99,0.003197
7/29/2020,11100.47,288.37,318.19,7.27,55.17,0.24,3.03,0.003192
7/30/2020,11111.21,292.19,334.59,7.35,56.64,0.24,3.05,0.003231
7/31/2020,11323.47,300.5,345.55,7.41,58,0.26,3.09,0.003225
8/1/2020,11759.59,318,385.2,7.81,61.29,0.29,3.29,0.003689
8/2/2020,11053.61,283.78,370.67,7.18,56.64,0.29,2.94,0.003336
8/3/2020,11246.35,296.54,386.3,7.17,58.47,0.31,3.05,0.003389
8/4/2020,11205.89,288.39,389.88,7.13,57.53,0.3,3.03,0.003535
8/5/2020,11747.02,294.49,401.59,7.23,59.01,0.3,3.06,0.003513
8/6/2020,11779.77,308.76,394.96,7.11,59.16,0.3,3.09,0.00356
8/7/2020,11601.47,303.46,379.51,6.88,57.25,0.29,3.02,0.003533
8/8/2020,11754.05,304.48,393.99,6.91,58.13,0.29,3.05,0.00351
8/9/2020,11675.74,300.4,391.12,6.89,57.14,0.29,3.03,0.003463
8/10/2020,11878.11,302.59,395.89,7.07,58.29,0.29,3.24,0.003499
8/11/2020,11410.53,282.95,380.38,6.77,54.39,0.28,3.02,0.003394
8/12/2020,11584.93,287.61,391.02,6.83,54.97,0.28,3.06,0.003484
8/13/2020,11784.14,299.52,428.74,7.02,57.74,0.3,3.18,0.003517
8/14/2020,11768.87,293.4,437.4,6.88,56.75,0.3,3.25,0.003561
8/15/2020,11865.7,303,433.35,7.2,59.93,0.3,3.73,0.003539
8/16/2020,11892.8,307.87,433.79,7.24,63.83,0.3,3.88,0.003524
8/17/2020,12254.4,317.3,429.53,7.37,67.03,0.31,3.77,0.003591
8/18/2020,11991.23,304.17,423.67,7.29,65.53,0.3,3.59,0.003514
8/19/2020,11758.28,292.7,406.46,6.81,62,0.29,3.35,0.003424
8/20/2020,11878.37,294.79,416.44,6.98,62.97,0.29,3.44,0.003459
8/21/2020,11592.49,284.3,389.13,6.67,59.38,0.28,3.27,0.003393
8/22/2020,11681.83,287.36,395.84,6.78,60.31,0.29,3.37,0.003442
8/23/2020,11664.85,284.96,391.38,6.78,60.62,0.29,3.33,0.003414
8/24/2020,11774.6,291.33,408.14,6.86,62.2,0.29,3.39,0.003418
8/25/2020,11366.14,276.8,384,6.5,58.58,0.28,3.14,0.003305
8/26/2020,11488.36,275.57,386.47,6.48,58.36,0.28,3.13,0.003303
8/27/2020,11323.4,264.58,382.63,6.36,56.04,0.26,2.98,0.003203
8/28/2020,11542.5,268.91,395.87,6.51,57.35,0.27,3.12,0.003268
8/29/2020,11506.87,268.95,399.92,6.53,57.29,0.27,3.14,0.003282
8/30/2020,11711.51,279.07,428.4,6.69,62.73,0.28,3.27,0.0033
8/31/2020,11680.82,274.54,435.08,6.61,61.11,0.28,3.23,0.003221
9/1/2020,11970.48,292.72,477.05,6.76,62.88,0.3,3.48,0.003256
9/2/2020,11414.03,264.12,440.04,6.32,58.1,0.28,3.1,0.003122
9/3/2020,10245.3,216.06,385.67,5.67,47.77,0.25,2.64,0.002802
9/4/2020,10511.81,231.87,388.24,5.36,50.61,0.26,3.01,0.002899
9/5/2020,10169.57,225.3,335.26,5.05,47.59,0.24,2.93,0.002758
9/6/2020,10280.35,228.45,353.36,5.19,48.05,0.24,2.91,0.002787
9/7/2020,10369.56,228.61,352.67,5.11,48.77,0.24,2.85,0.002811
9/8/2020,10131.52,222.54,337.6,5.1,47.38,0.24,2.76,0.002756
9/9/2020,10242.35,224.68,351.11,5.07,47.9,0.24,2.76,0.002779
9/10/2020,10363.14,227.71,368.1,5.21,48.72,0.24,2.78,0.002805
9/11/2020,10400.91,225.54,374.7,5.24,49.09,0.24,2.79,0.002806
9/12/2020,10442.17,230.29,387.18,5.26,50.82,0.25,2.81,0.002819
9/13/2020,10323.76,221.83,365.57,5.08,48.07,0.24,2.72,0.002776
9/14/2020,10680.84,226.26,377.27,5.19,49.09,0.25,2.74,0.002803
9/15/2020,10796.95,235.63,364.84,5.21,48.39,0.24,2.71,0.002832
9/16/2020,10974.9,231.77,365.81,5.16,47.93,0.25,2.72,0.002826
9/17/2020,10948.99,233.17,389.02,5.23,48.88,0.25,2.73,0.002814
9/18/2020,10944.59,234.21,384.36,5.23,48.46,0.25,2.7,0.002804
9/19/2020,11094.35,233.63,385.54,5.26,48.68,0.25,2.71,0.002794
9/20/2020,10938.27,226.42,371.05,5.11,47.1,0.25,2.67,0.002778
9/21/2020,10462.26,213.52,341.79,4.87,43.39,0.23,2.51,0.00263
9/22/2020,10538.46,220.03,344.5,4.97,44.55,0.23,2.57,0.002656
9/23/2020,10246.19,207.92,321.12,4.87,43.06,0.22,2.45,0.00256
9/24/2020,10760.07,216.39,349.36,5.01,45.04,0.23,2.54,0.002628
9/25/2020,10692.72,216.64,352.18,4.99,46.09,0.24,2.55,0.002698
9/26/2020,10750.72,222.05,355.49,5.39,46.19,0.24,2.58,0.002716
9/27/2020,10775.27,228.81,357.44,5.45,46.09,0.24,2.59,0.002692
9/28/2020,10709.65,226.15,355.16,5.43,45.36,0.24,2.57,0.002652
9/29/2020,10844.64,228.98,359.76,5.42,45.8,0.24,2.6,0.002685
9/30/2020,10784.49,228.01,359.94,5.4,46.37,0.24,2.59,0.00263
10/1/2020,10619.45,227.42,353.21,5.33,46.31,0.24,2.55,0.002616
10/2/2020,10575.98,220.02,346.24,5.19,44.92,0.23,2.49,0.002583
10/3/2020,10549.33,218.86,346.52,5.14,45.58,0.23,2.49,0.002599
10/4/2020,10669.58,221.39,352.58,5.16,46.73,0.25,2.53,0.002635
10/5/2020,10793.34,222.05,353.96,5.11,46.36,0.25,2.53,0.002612
10/6/2020,10604.41,220.03,340.82,5.24,45.99,0.25,2.69,0.002611
10/7/2020,10668.97,223.27,341.81,5.18,46.66,0.25,2.65,0.002595
10/8/2020,10915.69,233.62,350.77,5.18,47.22,0.25,2.61,0.002596
10/9/2020,11064.46,237.37,365.59,5.27,47.83,0.25,2.65,0.002653
10/10/2020,11296.36,237.32,370.97,5.3,48.92,0.25,2.65,0.002655
10/11/2020,11384.18,239.67,375.14,5.44,50.73,0.26,2.67,0.002674
10/12/2020,11555.36,239.81,387.73,5.46,50.74,0.26,2.65,0.002673
10/13/2020,11425.9,253.53,381.19,5.36,49.94,0.26,2.65,0.002635
10/14/2020,11429.51,259.13,379.48,5.38,49.85,0.25,2.61,0.002637
10/15/2020,11495.35,261.38,377.44,5.33,49.49,0.25,2.6,0.002593
10/16/2020,11322.12,250.33,366.23,5.18,47.69,0.24,2.54,0.002612
10/17/2020,11358.1,246.32,368.86,5.19,47.05,0.24,2.54,0.002581
10/18/2020,11483.36,249.81,378.21,5.22,47.62,0.24,2.56,0.002586
10/19/2020,11742.04,250.71,379.94,5.22,48.1,0.25,2.59,0.00259
10/20/2020,11916.34,242.85,369.14,5.1,47.05,0.24,2.54,0.002601
10/21/2020,12823.69,258.51,392.19,5.37,53.05,0.25,2.62,0.00263
10/22/2020,12965.89,266.47,413.77,5.62,54.27,0.26,2.68,0.002655
10/23/2020,12931.54,270.31,409.77,5.48,55.24,0.25,2.64,0.002647
10/24/2020,13108.06,275.12,412.46,5.53,59.1,0.26,2.65,0.002645
10/25/2020,13031.17,271.08,406.22,5.55,58.67,0.25,2.69,0.002653
10/26/2020,13075.25,259.78,393.89,5.45,56.75,0.25,2.63,0.002679
10/27/2020,13654.22,264.54,404,5.45,57.82,0.25,2.66,0.002677
10/28/2020,13271.29,268.49,388.65,5.28,55.74,0.25,2.65,0.002595
10/29/2020,13437.88,267.06,386.73,5.4,54.77,0.24,2.63,0.002581
10/30/2020,13546.52,261.83,382.82,5.26,53.84,0.24,2.51,0.002598
10/31/2020,13780.99,261.76,386.59,5.27,55.59,0.24,2.52,0.002576
11/1/2020,13737.11,267.56,396.36,5.21,55.59,0.24,2.51,0.002582
11/2/2020,13550.49,257.2,383.16,4.96,53.82,0.24,2.43,0.002517
11/3/2020,13950.3,244.15,387.6,4.85,53.82,0.24,2.36,0.002528
11/4/2020,14133.71,241.13,402.14,4.86,54.5,0.24,2.35,0.002533
11/5/2020,15579.85,249.55,414.07,5.09,58.68,0.25,2.44,0.002617
11/6/2020,15565.88,257.72,454.72,5.36,63.13,0.26,2.54,0.00276
11/7/2020,14833.75,253.59,435.71,5.07,59.14,0.25,2.5,0.002671
11/8/2020,15479.57,270.7,453.55,5.18,61.06,0.25,2.54,0.002711
11/9/2020,15332.32,263.98,444.16,5.03,59.36,0.25,2.5,0.00267
11/10/2020,15290.9,257.35,449.68,5.12,58.24,0.25,2.5,0.002753
11/11/2020,15701.34,257.12,462.96,5.09,59.52,0.26,2.5,0.002769
11/12/2020,16276.34,259.82,461.01,5.03,60.37,0.25,2.46,0.002779
11/13/2020,16317.81,259.17,474.63,5.13,65.46,0.27,2.6,0.002821
11/14/2020,16068.14,255.77,460.15,5.04,63.77,0.27,2.54,0.002773
11/15/2020,15955.59,241.37,447.56,5.03,62.28,0.27,2.5,0.002775
11/16/2020,16716.11,250.14,459.94,5.31,71.33,0.29,2.58,0.002886
11/17/2020,17645.41,255.29,480.36,5.77,75.85,0.3,2.71,0.002936
11/18/2020,17804.01,247.13,479.48,6.06,73.69,0.29,2.64,0.002909
11/19/2020,17817.09,246.27,471.63,5.92,81.68,0.3,2.64,0.002911
11/20/2020,18621.31,258.85,509.74,6.05,82.58,0.33,2.78,0.002984
11/21/2020,18642.23,301.92,549.49,6.57,86.41,0.46,3.22,0.003507
11/22/2020,18370,286.99,558.07,6.02,82.7,0.44,3.05,0.003329
11/23/2020,18364.12,323.03,608.45,6.53,89.04,0.61,3.38,0.003648
11/24/2020,19107.46,345.61,603.9,7.26,89.21,0.69,3.59,0.004204
11/25/2020,18732.12,312.78,570.69,7,81.88,0.64,3.44,0.003727
11/26/2020,17150.62,270.51,518.8,6.13,70.87,0.53,2.94,0.00325
11/27/2020,17108.4,264.96,517.49,6.2,69.12,0.56,2.87,0.003275
11/28/2020,17717.42,275.57,538.23,6.33,72.69,0.63,3,0.003405
11/29/2020,18177.48,283.93,575.76,6.39,79.24,0.61,3.03,0.003448
11/30/2020,19625.84,316.42,614.84,6.72,87.57,0.66,3.26,0.003551
12/1/2020,18803,288.14,587.32,6.17,85.44,0.61,3,0.003335
12/2/2020,19201.09,294.25,598.35,6.23,88.86,0.63,3.06,0.003374
12/3/2020,19445.4,292.3,616.71,6.58,89.1,0.63,3.08,0.003428
12/4/2020,18699.77,280.71,569.35,6,80.02,0.56,2.86,0.003298
12/5/2020,19154.23,289.31,596.6,6.19,83.12,0.58,3.01,0.003397
12/6/2020,19345.12,286.36,601.91,6.16,83.56,0.62,3,0.003388
12/7/2020,19191.63,283.89,591.84,6.15,83.62,0.61,2.95,0.003342
12/8/2020,18321.14,267.55,554.83,5.77,76.75,0.56,2.8,0.003179
12/9/2020,18553.92,268.71,573.48,6.07,77.41,0.58,2.81,0.003158
12/10/2020,18264.99,265.98,559.68,5.9,74.83,0.57,2.74,0.003105
12/11/2020,18058.9,259.33,545.8,5.8,72.09,0.55,2.69,0.003079
12/12/2020,18803.66,267.71,568.57,5.97,76.71,0.51,2.77,0.003163
12/13/2020,19142.38,275.35,589.66,6.11,82,0.51,2.85,0.003256
12/14/2020,19246.64,276.55,586.01,6.03,82.36,0.5,2.84,0.003231
12/15/2020,19417.08,288.39,589.36,6.05,81.4,0.47,2.86,0.003206
12/16/2020,21310.6,311.42,636.18,6.44,92.79,0.57,3.1,0.003416
12/17/2020,22805.16,310.3,642.87,6.48,100.96,0.58,3.04,0.00373
12/18/2020,23137.96,312.78,654.81,6.4,109.38,0.58,3.06,0.003858
12/19/2020,23869.83,318.25,659.3,6.42,120.56,0.58,3.06,0.003927
12/20/2020,23477.3,348.16,638.29,6.47,114.67,0.56,3.14,0.004625
12/21/2020,22803.08,314.49,609.82,6.13,105.01,0.52,2.94,0.004787
12/22/2020,23783.03,323.89,634.85,6.12,113.68,0.45,2.9,0.004508
12/23/2020,23241.34,274.15,583.71,5.08,101.82,0.26,2.3,0.003768
12/24/2020,23735.95,296.28,611.61,5.58,111.57,0.34,2.67,0.00457
12/25/2020,24664.79,318.34,626.41,5.75,126.98,0.32,2.66,0.004582
12/26/2020,26437.04,322.83,635.84,5.83,129.46,0.29,2.61,0.004494
12/27/2020,26272.29,338.18,682.64,5.81,127.52,0.28,2.71,0.004548
12/28/2020,27084.81,362.09,730.4,5.92,130.05,0.25,2.76,0.004592
12/29/2020,27362.44,353.09,731.52,5.73,129.04,0.22,2.64,0.004486
12/30/2020,28840.95,358.81,751.62,5.69,129.47,0.21,2.61,0.004636
12/31/2020,29001.72,343.05,737.8,5.68,124.69,0.22,2.6,0.004682
1/1/2021,29374.15,341.99,730.37,5.7,126.23,0.24,2.64,0.005685
1/2/2021,32127.27,354.6,774.53,5.78,136.94,0.22,2.63,0.01
1/3/2021,32782.02,421.79,975.51,6.56,160.19,0.23,2.8,0.009771
1/4/2021,31971.91,407.94,1040.23,7.01,154.81,0.24,2.81,0.009767
1/5/2021,33992.43,419.77,1100.01,7.25,158.59,0.23,2.9,0.00992
1/6/2021,36824.36,454.48,1207.11,7.59,169.02,0.25,3.38,0.01
1/7/2021,39371.04,449.57,1225.68,7.21,169.62,0.33,3.2,0.009742
1/8/2021,40797.61,441.06,1224.2,6.95,173.28,0.32,3.12,0.009846
1/9/2021,40254.55,573.91,1281.08,7.77,177.48,0.33,3.63,0.01
1/10/2021,38356.44,603.6,1262.25,8.89,171.11,0.32,3.09,0.00986
1/11/2021,35566.66,479.59,1090.15,7.25,139.25,0.29,2.67,0.008835
1/12/2021,33922.96,450.28,1043.43,7.01,132.64,0.29,2.59,0.008063
1/13/2021,37316.36,495.78,1130.74,7.59,147.42,0.31,2.77,0.008616
1/14/2021,39187.33,526.33,1218.45,7.75,152.08,0.3,2.8,0.009397
1/15/2021,36825.37,492.59,1171.83,7.59,144.24,0.28,2.76,0.009369
1/16/2021,36178.14,490.98,1233.54,7.8,144.27,0.28,2.78,0.009265
1/17/2021,35791.28,478.77,1230.17,7.65,142.43,0.28,2.76,0.009067
1/18/2021,36630.08,510.42,1257.28,7.7,152.14,0.28,2.81,0.009171
1/19/2021,36069.81,511.07,1377.3,7.85,153.49,0.29,2.8,0.009098
1/20/2021,35547.75,499.32,1382.27,7.92,149.93,0.3,2.78,0.00906
1/21/2021,30825.7,419.59,1121.57,7.11,130.13,0.27,2.55,0.008166
1/22/2021,33005.76,441.53,1236.51,7.44,137.27,0.27,2.63,0.008523
1/23/2021,32067.64,431.5,1230.99,7.44,137.75,0.27,2.71,0.008579
1/24/2021,32289.38,440.1,1391.61,7.63,141.48,0.27,2.71,0.008727
1/25/2021,32366.39,433.8,1324.41,7.51,137.44,0.27,2.65,0.008383
1/26/2021,32569.85,428.04,1357.06,7.43,134.76,0.27,2.63,0.008255
1/27/2021,30432.55,378.03,1253.19,6.91,122.95,0.25,2.51,0.007482
1/28/2021,33466.1,405.37,1332.49,7.69,133.49,0.26,2.71,0.03
1/29/2021,34316.39,407.5,1382.52,7.63,135.01,0.28,2.73,0.05
1/30/2021,34269.52,414.94,1376.12,7.56,133.4,0.44,2.92,0.03
1/31/2021,33114.36,399.77,1314.99,7.41,129.57,0.49,2.91,0.04
2/1/2021,33537.18,414.02,1369.04,7.51,131.95,0.37,3.06,0.03
2/2/2021,35510.29,430.15,1515.19,7.8,142.51,0.37,3,0.03
2/3/2021,37472.09,444.85,1660.91,7.93,155.61,0.39,3.06,0.04
2/4/2021,36926.06,420.82,1594.76,7.65,145.15,0.45,3.02,0.05
2/5/2021,38144.31,446.46,1718.65,8.52,154.85,0.45,3.31,0.05
2/6/2021,39266.01,457.64,1677.85,8.76,155.71,0.44,3.21,0.06
2/7/2021,38903.44,445.17,1614.23,8.29,151.14,0.42,3.44,0.08
2/8/2021,46196.46,483.7,1746.62,8.7,167.22,0.45,3.58,0.08
2/9/2021,46481.1,513.53,1768.04,9.57,182.11,0.47,4.16,0.07
2/10/2021,44918.18,494.97,1744.24,10.4,182.17,0.5,4.13,0.07
2/11/2021,47909.33,529.74,1783.8,11.67,184.5,0.52,4.59,0.07
2/12/2021,47504.85,577.6,1843.53,12.03,197.23,0.61,4.75,0.07
2/13/2021,47105.52,663.68,1814.11,16.59,226.23,0.63,5.49,0.07
2/14/2021,48717.29,724.02,1805.08,16.14,214.43,0.59,5.1,0.06
2/15/2021,47945.06,712.43,1779.79,14.64,207.68,0.55,4.7,0.06
2/16/2021,49199.87,707.29,1781.07,14.35,210.55,0.52,4.65,0.05
2/17/2021,52149.01,716.7,1848.46,15.25,236.97,0.54,4.84,0.05
2/18/2021,51679.8,705.99,1937.45,14.97,226.87,0.53,4.84,0.06
2/19/2021,55888.13,720.82,1960.16,15.38,236.68,0.57,5.24,0.06
2/20/2021,56099.52,682.18,1919.53,15.11,227.62,0.52,4.87,0.05
2/21/2021,57539.94,707.59,1935.6,15.66,227.23,0.55,5.11,0.06
2/22/2021,54207.32,630.35,1781.99,13.95,208.11,0.57,4.71,0.05
2/23/2021,48824.43,513.19,1570.2,11.32,176.93,0.47,3.84,0.05
2/24/2021,49705.33,527.04,1626.58,11.88,181.38,0.47,3.9,0.06
2/25/2021,47093.85,496.91,1475.7,10.99,178.9,0.43,3.66,0.05
2/26/2021,46339.76,484.51,1446.03,10.72,170.4,0.43,3.55,0.05
2/27/2021,46188.45,483.75,1459.97,11.11,172.1,0.44,3.67,0.05
2/28/2021,45137.77,459.91,1416.05,10.31,164.93,0.41,3.46,0.05
3/1/2021,49631.24,500.95,1564.71,10.99,175.24,0.45,3.7,0.05
3/2/2021,48378.99,517.01,1492.61,10.9,177.87,0.44,3.67,0.05
3/3/2021,50538.24,523.58,1575.85,11.29,188.53,0.45,3.84,0.05
3/4/2021,48561.17,506.87,1541.91,11.02,181.08,0.49,3.76,0.05
3/5/2021,48927.3,498.99,1533.27,10.95,180.77,0.46,3.7,0.05
3/6/2021,48912.38,501.21,1654.74,11.15,182.98,0.47,3.73,0.05
3/7/2021,51206.69,516.17,1723.15,11.53,190.76,0.47,3.84,0.05
3/8/2021,52246.52,529,1834.73,11.69,191.93,0.47,3.9,0.06
3/9/2021,54824.12,545.03,1868.05,12.4,203.64,0.49,4.17,0.06
3/10/2021,56008.55,546.84,1799.17,11.99,200.52,0.46,3.99,0.06
3/11/2021,57805.12,549.78,1826.19,12.24,201.25,0.45,3.96,0.06
3/12/2021,57332.09,539.22,1772.1,11.94,220.83,0.44,3.79,0.06
3/13/2021,61243.08,596.23,1924.69,13.83,226.58,0.46,4.29,0.06
3/14/2021,59302.32,557.76,1854.56,12.78,215.3,0.44,3.97,0.06
3/15/2021,55907.2,523.93,1791.7,12.17,201.26,0.44,3.82,0.06
3/16/2021,56804.9,528.16,1806.97,12.42,201.04,0.46,4.07,0.06
3/17/2021,58870.89,540.85,1823.45,12.48,206.07,0.47,4.08,0.06
3/18/2021,57858.92,529.76,1782.86,12.21,200.54,0.47,4.17,0.06
3/19/2021,58346.65,535.14,1817.62,12.29,201.06,0.47,4.16,0.06
3/20/2021,58313.64,539.14,1812.63,12.33,200.81,0.53,4.35,0.06
3/21/2021,57523.42,526.56,1788.22,12,196.43,0.52,4.17,0.06
3/22/2021,54529.15,513.34,1691.33,11.75,187.08,0.55,4.11,0.05
3/23/2021,54738.94,516.25,1678.65,12.33,187.39,0.56,4.12,0.05
3/24/2021,52774.26,480.12,1593.41,11.41,177.65,0.49,3.72,0.05
3/25/2021,51704.16,478.29,1595.36,11.14,173.06,0.52,3.7,0.05
3/26/2021,55137.31,509.02,1702.84,11.77,184.28,0.57,4.19,0.05
3/27/2021,55973.51,503.66,1716.49,11.79,184.83,0.55,4.1,0.05
3/28/2021,55950.75,501,1691.36,11.88,185.03,0.55,4.12,0.05
3/29/2021,57750.2,520.64,1819.68,12.57,194.47,0.57,4.29,0.05
3/30/2021,58917.69,527.7,1846.03,13.01,196.68,0.57,4.36,0.05
3/31/2021,58918.83,543.24,1918.36,14.08,197.5,0.57,4.81,0.05
4/1/2021,59095.81,561.66,1977.28,14.41,204.11,0.58,5.62,0.06
4/2/2021,59384.31,585.71,2143.23,15.29,213.23,0.62,6.3,0.06
4/3/2021,57603.89,536.68,2028.42,13.67,197.15,0.59,5.45,0.06
4/4/2021,58758.56,566.51,2093.12,14.62,204.04,0.65,6.35,0.06
4/5/2021,59057.88,648.56,2107.89,16.13,221.07,0.92,6.71,0.06
4/6/2021,58192.36,667.75,2118.38,17.86,237.66,1.1,6.66,0.06
4/7/2021,56048.94,618.6,1971.08,19.19,219.42,0.92,5.88,0.06
4/8/2021,58323.95,647.56,2088.57,19.5,227,1.05,6.44,0.06
4/9/2021,58245,635.71,2072.11,18.77,221.86,1.02,6.21,0.06
4/10/2021,59793.24,673.96,2135.94,20.39,255.62,1.37,6.61,0.06
4/11/2021,60204.96,696.61,2157.66,20.43,253.63,1.36,6.74,0.07
4/12/2021,59893.45,674.79,2139.35,19.53,244.49,1.47,6.48,0.07
4/13/2021,63503.46,746.87,2299.19,21.22,266.98,1.79,7.38,0.09
4/14/2021,63109.7,818.7,2435.11,21.98,279.75,1.84,7.68,0.12
4/15/2021,63314.01,868.16,2519.12,28.65,286.59,1.77,7.89,0.18
4/16/2021,61572.79,1110.65,2431.95,38.54,310.61,1.56,8.53,0.37
4/17/2021,60683.82,1006.32,2344.89,38.32,304.76,1.56,7.88,0.28
4/18/2021,56216.19,965.68,2237.14,37.01,273.1,1.41,7.24,0.32
4/19/2021,55724.27,894.13,2166.19,33.5,261.92,1.32,6.63,0.41
4/20/2021,56473.03,940.99,2330.21,33.63,260.94,1.38,6.68,0.32
4/21/2021,53906.09,913.91,2364.75,32.16,258.81,1.3,6.35,0.31
4/22/2021,51762.27,854.08,2403.54,33.51,253.08,1.16,5.86,0.26
4/23/2021,51093.65,838.85,2363.59,32.56,241.36,1.17,5.57,0.25
4/24/2021,50050.87,769.18,2211.63,29.57,224.84,1.05,5.08,0.27
4/25/2021,49004.25,757.71,2316.06,29.11,223.63,1.03,4.98,0.25
4/26/2021,54021.75,849.47,2534.48,32.81,247.41,1.37,5.86,0.27
4/27/2021,55033.12,887.86,2662.87,33.71,259.65,1.4,6.05,0.27
4/28/2021,54824.7,909.85,2746.38,35.02,258.51,1.36,5.96,0.32
4/29/2021,53555.11,880.67,2756.88,34.46,255.59,1.4,5.89,0.31
4/30/2021,57750.18,993.43,2773.21,36.37,271.17,1.59,6.44,0.34
5/1/2021,57828.05,1005.08,2945.89,44.61,276.83,1.65,6.61,0.39
5/2/2021,56631.08,974.66,2952.06,44.9,269.1,1.56,6.53,0.38
5/3/2021,57200.29,1017.3,3431.09,52.06,294.7,1.56,6.82,0.44
5/4/2021,53333.54,955.18,3253.63,69.49,306.23,1.39,6.37,0.54
5/5/2021,57424.01,1454.94,3522.78,94.27,356.04,1.61,8.78,0.66
5/6/2021,56396.51,1505.77,3490.88,134.1,353.51,1.6,11.43,0.58
5/7/2021,57356.4,1343.25,3484.73,120.13,346.25,1.58,10.43,0.68
5/8/2021,58803.78,1402.37,3902.65,126.49,346.37,1.56,10.36,0.64
5/9/2021,58232.32,1428.53,3928.84,117.38,386.45,1.54,10.53,0.57
5/10/2021,55859.8,1321.4,3952.29,105.03,359.33,1.39,9.26,0.45
5/11/2021,56704.57,1542.43,4168.7,111.14,377.39,1.48,14.37,0.5
5/12/2021,49150.53,1209.81,3785.85,82.76,303.08,1.25,10.28,0.39
5/13/2021,49716.19,1251.69,3715.15,87.77,316.91,1.36,10.65,0.49
5/14/2021,49880.53,1298.66,4079.06,104.12,326.23,1.4,11.18,0.56
5/15/2021,46760.19,1170.35,3638.12,95.17,299.77,1.49,10.23,0.51
5/16/2021,46456.06,1168.73,3587.51,93.79,296.63,1.45,10.12,0.51
5/17/2021,43537.51,1068.66,3282.4,89.94,281.77,1.5,9.15,0.49
5/18/2021,42909.4,1091.55,3380.07,88.68,294.62,1.59,9.33,0.48
5/19/2021,37002.44,706.8,2460.68,60.12,189.52,1.07,5.76,0.33
5/20/2021,40782.74,821.6,2784.29,74.06,212.28,1.19,6.67,0.4
